flight_id,Passengers_Count
9819,374
249,365
305,365
250,361
301,357
268,355
276,355
282,355
5307,349
259,346
5355,346
5360,346
7738,346
9878,346
10922,346
7737,345
9821,345
292,344
298,344
5328,344
5353,344
5356,344
9835,344
5312,343
9831,343
10914,343
30582,343
5344,342
10916,342
286,341
30620,341
5333,340
9849,340
10905,340
5336,339
9872,339
281,338
5303,338
5341,338
7770,337
9847,336
273,335
30626,335
5317,334
7755,334
7776,334
9864,334
297,333
10884,333
5348,332
5351,332
9869,331
10915,331
5332,330
10882,330
10906,330
275,329
289,329
7736,329
9818,328
9853,328
10873,328
10932,328
30611,327
271,326
9837,326
9877,326
7721,325
9820,325
10924,324
10929,324
265,323
7734,323
7735,323
7739,323
7749,323
5308,322
7741,322
7766,322
10896,322
272,321
7748,321
7773,321
9860,321
5262,320
7772,320
30632,320
30592,319
30618,319
10874,319
5314,318
7753,318
7769,318
9838,318
10903,318
30596,317
30604,317
5321,315
30581,314
30628,314
7762,313
10875,313
10912,312
30631,312
10931,311
9844,310
30586,310
247,308
5310,308
5331,308
9836,306
9862,306
302,305
7720,305
30624,305
30633,304
9825,304
7771,303
10933,302
5319,300
10886,300
9907,296
9926,296
10885,296
5284,294
14559,294
295,292
14590,291
3486,290
7744,290
30590,290
3496,289
3502,288
30576,287
3474,286
3476,286
5268,286
5272,285
14566,285
14570,285
5250,284
5293,283
30614,283
5299,282
3487,281
9901,281
14589,281
5270,280
5301,280
7775,280
5279,279
5283,279
9889,279
5275,278
9908,278
14552,278
14556,278
30615,278
3506,277
3517,277
3522,277
5273,277
5288,277
9888,277
5244,276
9909,276
9932,276
3510,275
14591,274
258,273
3477,273
3504,273
5267,273
3479,272
9882,272
14541,272
5316,271
14547,271
3508,269
9927,268
14587,268
30619,268
3500,267
9925,267
14535,267
3492,266
5242,266
7732,266
279,265
3463,265
3468,265
9890,265
3499,264
9917,264
9939,264
14550,264
3497,263
5290,263
9903,263
14583,263
9933,262
3466,261
5252,260
5300,260
7726,257
14537,257
3480,256
3485,256
5359,256
30598,255
3495,254
14581,254
3475,253
3490,253
3518,252
9915,252
3511,251
14571,251
14584,250
3491,249
5249,249
9938,249
266,248
9931,248
7717,247
7719,246
7727,246
3512,245
7763,245
3473,244
5337,244
9875,244
14561,244
30629,243
7768,241
9922,240
7723,239
9870,232
10881,232
5271,231
14546,231
255,229
5309,229
278,228
9934,228
9893,226
5345,224
288,223
245,222
251,222
5352,220
2354,218
5265,218
2329,216
2330,216
5297,216
277,213
26162,213
2322,211
2325,211
2332,211
26168,211
2338,209
2351,209
2348,208
2355,208
26157,208
26173,208
26201,208
26172,207
26216,207
5247,206
14548,206
2349,205
26204,204
2169,203
2336,203
2373,203
26158,203
26184,203
26198,203
2326,202
2356,202
2358,202
2343,201
26181,200
26189,200
30606,200
26194,198
26200,198
26202,198
2134,197
26208,197
2346,196
5305,196
26178,196
5260,195
5274,195
24122,195
2319,194
30556,194
2168,193
10930,193
24095,193
26209,192
5304,190
14585,190
5278,189
9914,189
2127,188
24103,188
24119,186
2154,185
2120,184
2166,184
5302,184
13488,184
2376,183
13497,183
30537,183
5286,182
5526,182
5544,182
24130,181
5486,180
13458,180
24110,180
24113,180
2124,179
2148,179
5488,179
30516,179
5521,178
24121,178
24126,178
2365,176
13483,176
13500,176
2156,175
2350,175
5494,175
26179,175
2125,174
2139,174
2146,174
2147,174
2160,174
9846,174
2115,173
2131,173
4693,173
4751,173
5514,173
5516,173
13476,173
24098,173
24140,173
2138,172
4723,172
12680,172
13494,172
4715,171
5499,171
24086,171
30555,171
474,170
3297,170
3319,170
3358,170
4951,170
4957,170
4962,170
4982,170
4989,170
5027,170
5035,170
5048,170
5053,170
5074,170
5088,170
5119,170
5126,170
5135,170
5152,170
5160,170
5170,170
5177,170
5190,170
5197,170
5225,170
5492,170
2114,169
3252,169
4737,169
4746,169
4977,169
5004,169
5016,169
5064,169
5130,169
5141,169
5146,169
5204,169
5208,169
10911,169
13501,169
3232,168
3251,168
3334,168
3382,168
5021,168
5546,168
13444,168
24131,168
30526,168
30525,167
4706,167
4712,167
5501,167
13491,167
24096,167
24109,167
24123,167
365,166
4705,166
4709,166
4713,166
5509,166
5523,166
12657,166
13464,166
17027,166
30563,166
2126,165
3237,165
3278,165
5504,165
5528,165
2130,164
3257,164
3269,164
3293,164
3349,164
3367,164
4718,164
4720,164
5254,164
13468,164
3225,163
3391,163
5520,163
8532,163
3226,162
4730,162
4741,162
17030,162
24088,162
26163,162
30547,162
30567,162
351,161
2362,161
4696,161
4703,161
4729,161
4749,161
5524,161
24100,161
25214,161
313,160
4710,160
4717,160
4721,160
8357,160
12676,160
13487,160
25256,160
30544,160
3325,159
4701,159
9285,159
13502,159
25261,159
3394,158
4714,158
4727,158
4736,158
8462,158
8522,158
9326,158
25241,158
8582,157
13466,157
13492,157
24093,157
25212,157
479,156
1063,156
8447,156
8552,156
8627,156
8640,156
9295,156
9298,156
13454,156
25245,156
30602,156
355,155
4742,155
10892,155
12699,155
4732,154
8402,154
24099,154
24137,154
30561,154
332,153
5503,153
8432,153
8497,153
8567,153
8607,153
8637,153
10901,153
25244,153
356,152
470,152
2161,152
2331,152
5354,152
5515,152
8487,152
312,151
346,151
1062,151
8555,151
9310,151
9324,151
12643,151
12644,151
26249,151
30560,151
30527,150
462,150
4724,150
8417,150
9303,150
9906,150
11577,150
308,149
8382,149
8595,149
9318,149
9325,149
11565,149
11572,149
25234,149
30543,149
30568,149
458,148
473,148
1072,148
1079,148
4725,148
9289,148
9309,148
9329,148
11563,148
11593,148
321,147
441,147
476,147
3398,147
5497,147
8335,147
9274,147
9845,147
11562,147
11580,147
13443,147
24132,147
26188,147
306,146
317,146
342,146
1045,146
2116,146
3377,146
8263,146
9278,146
10926,146
11576,146
11596,146
11612,146
12668,146
13448,146
2335,145
8367,145
9313,145
9340,145
10920,145
11607,145
25246,145
25250,145
339,144
357,144
453,144
480,144
1078,144
1097,144
7996,144
8188,144
8218,144
9269,144
9280,144
9281,144
9297,144
11575,144
11601,144
26250,144
30550,144
335,143
442,143
8202,143
8220,143
8326,143
9299,143
11616,143
17056,143
1089,142
8173,142
9306,142
11610,142
12673,142
25259,142
26243,142
26252,142
430,141
2324,141
2361,141
8192,141
8198,141
8201,141
8231,141
10928,141
11618,141
12663,141
26265,141
30565,141
429,140
1051,140
2112,140
2118,140
7947,140
8172,140
8221,140
9873,140
26228,140
1061,139
5527,139
8018,139
8171,139
8239,139
9316,139
11578,139
13472,139
25222,139
25267,139
30549,139
434,138
435,138
8370,138
9338,138
11600,138
17044,138
17075,138
328,137
1086,137
9308,137
12678,137
12696,137
17060,137
26261,137
469,136
1060,136
1071,136
9311,136
9328,136
9373,136
9380,136
17037,136
17050,136
17055,136
25217,136
30572,136
2370,135
8069,135
8179,135
9388,135
9389,135
12659,135
17079,135
1094,134
8159,134
9272,134
9276,134
9319,134
10910,134
12697,134
13485,134
17048,134
25238,134
307,133
362,133
364,133
482,133
1049,133
3341,133
5229,133
7941,133
8282,133
9360,133
12646,133
17070,133
25226,133
26226,133
324,132
436,132
1040,132
1067,132
2342,132
5542,132
8203,132
9290,132
9333,132
9834,132
17039,132
17069,132
25248,132
433,131
3359,131
5046,131
7930,131
8115,131
8236,131
9284,131
17023,131
4953,130
5149,130
5434,130
7079,130
7089,130
8166,130
9344,130
11102,130
11119,130
11130,130
12806,130
13471,130
17066,130
17110,130
17113,130
17115,130
17129,130
25920,130
26240,130
26251,130
26934,130
30639,130
30674,130
30517,129
7942,129
9334,129
11105,129
11110,129
11122,129
11585,129
12965,129
12966,129
12975,129
12977,129
13001,129
13002,129
17108,129
17109,129
21013,129
26267,129
2323,128
5459,128
5470,128
5472,128
5477,128
7062,128
8082,128
8226,128
11073,128
11084,128
11093,128
11127,128
12794,128
12802,128
12967,128
12990,128
17043,128
17102,128
17137,128
24236,128
30520,128
30668,128
26887,127
30636,127
30653,127
30681,127
1068,127
5428,127
5432,127
5461,127
6393,127
8334,127
11077,127
11106,127
11121,127
12814,127
12954,127
12958,127
17131,127
74,126
4980,126
5162,126
5439,126
5448,126
7055,126
7078,126
8055,126
8323,126
9841,126
9861,126
9880,126
9935,126
10895,126
11089,126
11090,126
11098,126
11125,126
12688,126
12693,126
12953,126
17122,126
21022,126
26890,126
30638,126
30663,126
26901,125
26907,125
30580,125
30664,125
30688,125
2152,125
5449,125
9858,125
11104,125
12684,125
12795,125
12810,125
14586,125
17062,125
17099,125
26274,125
447,124
1057,124
4975,124
5203,124
5452,124
5469,124
5479,124
6368,124
7049,124
7071,124
8031,124
8141,124
8167,124
8205,124
9378,124
11111,124
12652,124
12779,124
17026,124
17096,124
17133,124
21028,124
24277,124
25208,124
26268,124
26920,124
26922,124
30689,124
30669,123
3320,123
5427,123
5482,123
7035,123
7059,123
7076,123
7953,123
11103,123
17022,123
17101,123
17120,123
455,122
5090,122
5465,122
6388,122
7040,122
7050,122
7053,122
8006,122
8210,122
9377,122
9386,122
17053,122
17095,122
25926,122
26931,122
30657,122
30651,121
30658,121
30660,121
30672,121
30678,121
2113,121
2153,121
2157,121
5133,121
6359,121
7044,121
7960,121
8011,121
8420,121
9362,121
12665,121
12800,121
12963,121
26270,121
1064,120
2140,120
2142,120
5453,120
6360,120
6417,120
7988,120
11074,120
12642,120
20995,120
21016,120
26192,120
30659,120
30570,119
30645,119
30670,119
30691,119
30695,119
1065,119
4964,119
5031,119
5060,119
5430,119
6367,119
6371,119
7034,119
7985,119
8089,119
8385,119
17038,119
17047,119
17087,119
21038,119
24233,119
25242,119
25918,119
26220,119
3282,118
6357,118
7037,118
7042,118
7043,118
7061,118
7080,118
8170,118
8248,118
9382,118
12692,118
12984,118
13005,118
17059,118
17100,118
24091,118
26892,118
26908,118
30649,118
30675,118
30684,118
26924,117
30677,117
315,117
461,117
5117,117
5193,117
5464,117
6379,117
6413,117
7077,117
7935,117
8078,117
9341,117
9354,117
9361,117
11095,117
12813,117
20996,117
20997,117
24246,117
25925,117
26244,117
26259,117
5139,116
5145,116
5545,116
6390,116
7926,116
8041,116
8128,116
10075,116
12782,116
17019,116
21033,116
26906,116
30673,116
25,115
1529,115
5150,115
5468,115
6398,115
6408,115
8122,115
9390,115
10073,115
10113,115
11091,115
12768,115
17140,115
21007,115
24282,115
25929,115
26207,115
26246,115
125,114
471,114
4987,114
6399,114
7918,114
8287,114
9381,114
10068,114
11096,114
11582,114
12649,114
12778,114
12785,114
12793,114
12955,114
21012,114
25954,114
26909,114
26912,114
30603,114
30683,114
141,113
438,113
5426,113
5458,113
8073,113
8097,113
9348,113
10096,113
14641,113
17034,113
24251,113
25922,113
25934,113
25953,113
3229,112
3264,112
5483,112
10119,112
11081,112
11108,112
11115,112
21031,112
25229,112
26915,112
26939,111
5062,111
5517,111
5549,111
7066,111
8184,111
10070,111
11117,111
12970,111
17040,111
17071,111
21027,111
24288,111
25935,111
9879,110
11867,110
11869,110
12783,110
12982,110
17031,110
17067,110
21025,110
25307,110
25910,110
25948,110
30652,110
175,109
3246,109
6410,109
7064,109
11079,109
11083,109
14613,109
24237,109
25251,109
25286,109
25908,109
1503,108
1531,108
5029,108
5551,108
6383,108
6406,108
9385,108
11864,108
12811,108
12824,108
14595,108
14625,108
20991,108
24261,108
25279,108
26905,108
92,107
1527,107
5507,107
5563,107
5595,107
6409,107
7029,107
9829,107
10087,107
10116,107
13461,107
13840,107
14617,107
17097,107
21000,107
25298,107
25943,107
25964,107
207,106
1514,106
1526,106
1537,106
3299,106
5584,106
6375,106
7998,106
9936,106
11583,106
11887,106
12770,106
13007,106
14621,106
14644,106
20148,106
21037,106
24286,106
25952,106
26883,106
26893,106
26903,106
29239,105
47,105
451,105
5496,105
5552,105
6403,105
11865,105
11871,105
12690,105
13831,105
13875,105
14616,105
14618,105
14632,105
14634,105
14642,105
24241,105
25274,105
25319,105
26234,105
91,104
114,104
1483,104
1493,104
1512,104
5593,104
6385,104
9332,104
9356,104
9883,104
11886,104
13842,104
14553,104
14603,104
14629,104
14647,104
14649,104
20126,104
21040,104
24242,104
24266,104
25931,104
85,103
113,103
193,103
5431,103
5558,103
10081,103
10106,103
10110,103
11844,103
11851,103
11854,103
12821,103
12988,103
13862,103
20132,103
25273,103
25284,103
25306,103
25310,103
25316,103
25318,103
26227,103
208,102
1539,102
5565,102
5592,102
9374,102
11112,102
13845,102
13856,102
13879,102
14597,102
14607,102
20106,102
20109,102
25309,102
25946,102
2,101
17,101
1487,101
9347,101
13859,101
13869,101
13883,101
14614,101
14639,101
21019,101
24143,101
24263,101
25927,101
25960,101
37,100
159,100
223,100
320,100
1495,100
1540,100
5435,100
5531,100
5574,100
5591,100
7031,100
7968,100
9929,100
10117,100
11877,100
12962,100
13855,100
14596,100
14601,100
14602,100
14612,100
14628,100
14631,100
14640,100
20101,100
25930,100
108,99
5132,99
5436,99
5575,99
8380,99
9379,99
10077,99
10103,99
11837,99
11848,99
11860,99
11885,99
11891,99
13450,99
14624,99
14645,99
14646,99
14650,99
20140,99
24235,99
24245,99
25269,99
25289,99
36,98
52,98
1482,98
5462,98
5474,98
5599,98
7036,98
7038,98
9364,98
10080,98
11853,98
11874,98
12968,98
20160,98
20994,98
25295,98
25299,98
25944,98
25962,98
30594,98
27633,97
28691,97
28921,97
28926,97
28933,97
29145,97
29234,97
29913,97
29914,97
29942,97
29968,97
29999,97
30018,97
30073,97
30084,97
31240,97
31241,97
3,97
46,97
75,97
142,97
160,97
194,97
385,97
396,97
443,97
475,97
1324,97
1491,97
1501,97
1842,97
5456,97
5564,97
5581,97
5627,97
5643,97
6758,97
6766,97
7054,97
7057,97
7339,97
9521,97
10588,97
11882,97
12041,97
12188,97
13878,97
15356,97
15374,97
15387,97
20104,97
21060,97
21071,97
21102,97
24268,97
24278,97
24610,97
25293,97
26233,97
18,96
422,96
2267,96
2305,96
4695,96
5619,96
5665,96
6751,96
7070,96
7072,96
7153,96
7164,96
7302,96
7312,96
7327,96
8647,96
10088,96
10607,96
10630,96
10652,96
10690,96
12156,96
13847,96
15313,96
15338,96
15366,96
15378,96
17081,96
20151,96
21029,96
21069,96
21110,96
27637,96
28647,96
28909,96
29141,96
29189,96
29916,96
29921,96
29990,96
29992,96
29996,96
29998,96
30008,96
30012,96
30017,96
30037,96
30047,96
31228,96
31261,96
31275,96
26688,95
28537,95
28590,95
28646,95
28696,95
29927,95
30595,95
31221,95
31236,95
31254,95
126,95
224,95
1066,95
1319,95
1675,95
1678,95
5597,95
5610,95
5666,95
6300,95
6386,95
7156,95
7305,95
7309,95
7342,95
7346,95
7372,95
9568,95
10064,95
10659,95
10691,95
10700,95
11597,95
11888,95
12081,95
13843,95
15348,95
15385,95
20105,95
20145,95
20986,95
21724,95
21745,95
25817,95
25956,95
2262,94
2263,94
5425,94
5554,94
5605,94
5624,94
5648,94
5663,94
5664,94
6720,94
6739,94
6741,94
7326,94
7363,94
8570,94
9515,94
9547,94
9552,94
9569,94
10066,94
10567,94
10595,94
10676,94
12194,94
12769,94
13482,94
20113,94
20119,94
20143,94
20156,94
21074,94
21091,94
25276,94
25631,94
25872,94
25949,94
26531,94
28650,94
28662,94
28668,94
28675,94
29950,94
30585,94
31230,94
31255,94
31258,94
31274,94
28561,93
28707,93
28708,93
28923,93
31229,93
31265,93
31277,93
412,93
3316,93
5493,93
5637,93
6712,93
7427,93
8600,93
9352,93
9533,93
9559,93
10645,93
10665,93
10694,93
12169,93
20125,93
27,92
183,92
440,92
1310,92
1342,92
1484,92
2288,92
5505,92
5570,92
5590,92
5628,92
5642,92
6243,92
7308,92
7337,92
7438,92
8455,92
8490,92
10615,92
10662,92
10667,92
10703,92
10728,92
11948,92
12077,92
12082,92
12185,92
13876,92
15376,92
15382,92
20390,92
24586,92
25839,92
25907,92
25933,92
26503,92
28549,92
28582,92
28595,92
28626,92
28721,92
28765,92
30589,92
30625,92
31232,92
31233,92
31264,92
26687,91
26695,91
26921,91
28530,91
28598,91
28613,91
28642,91
28710,91
28728,91
29148,91
29221,91
30064,91
31253,91
86,91
1490,91
1530,91
2291,91
2303,91
5651,91
6238,91
6297,91
6321,91
6330,91
6347,91
6713,91
6719,91
6730,91
7294,91
7311,91
7402,91
8431,91
8515,91
8520,91
8556,91
10063,91
10593,91
10616,91
10672,91
10681,91
10715,91
10723,91
11188,91
11199,91
12033,91
12160,91
12214,91
12980,91
14991,91
20149,91
20386,91
21082,91
21083,91
25573,91
25575,91
25576,91
25577,91
25618,91
25941,91
26,90
53,90
229,90
371,90
465,90
1786,90
2270,90
2272,90
2281,90
2772,90
2793,90
2807,90
5014,90
5649,90
5657,90
7295,90
7297,90
7299,90
7348,90
7396,90
8415,90
9519,90
9555,90
9565,90
10725,90
11925,90
13857,90
15343,90
15388,90
15424,90
15439,90
20253,90
20937,90
21057,90
21703,90
24568,90
24580,90
24599,90
24602,90
24873,90
25588,90
25593,90
25597,90
25601,90
25630,90
25860,90
25921,90
26511,90
26544,90
26679,90
27007,90
28569,90
28632,90
28688,90
28693,90
28704,90
28745,90
28753,90
28769,90
28941,90
29219,90
31224,90
31235,90
31239,90
31248,90
31279,90
26983,89
26992,89
28532,89
28545,89
28550,89
28557,89
28570,89
28635,89
28661,89
28746,89
28751,89
28958,89
29187,89
31227,89
31245,89
31249,89
67,89
109,89
182,89
209,89
487,89
1498,89
1641,89
1656,89
2265,89
2817,89
3062,89
5631,89
6273,89
6281,89
6318,89
6349,89
6722,89
6728,89
6843,89
7293,89
7350,89
7425,89
9545,89
10564,89
10635,89
10730,89
11603,89
12060,89
12088,89
15367,89
19945,89
20269,89
20281,89
20303,89
20309,89
20384,89
20917,89
21085,89
21738,89
21759,89
24573,89
24600,89
25323,89
26183,89
129,88
1688,88
1828,88
1857,88
2283,88
2284,88
2784,88
2801,88
5006,88
5667,88
6729,88
7317,88
7439,88
7450,88
7586,88
8328,88
8540,88
8606,88
9359,88
9518,88
9541,88
10569,88
10683,88
10711,88
10712,88
12157,88
13463,88
14972,88
14983,88
14985,88
14990,88
15008,88
15384,88
15435,88
21667,88
21691,88
21715,88
21765,88
24571,88
24575,88
24576,88
24823,88
24855,88
24865,88
25586,88
25623,88
25865,88
25957,88
26692,88
26701,88
26713,88
27016,88
28554,88
28596,88
28601,88
28636,88
28673,88
29939,88
30347,88
31262,88
28573,87
28719,87
28743,87
29163,87
31237,87
372,87
1515,87
1676,87
1870,87
1881,87
2259,87
5548,87
5640,87
6327,87
6378,87
6764,87
7291,87
7292,87
7331,87
7349,87
7447,87
7449,87
7640,87
9598,87
11918,87
11947,87
11971,87
12034,87
12165,87
13832,87
14971,87
14994,87
14999,87
15010,87
15019,87
15436,87
18234,87
20292,87
20357,87
20402,87
20953,87
21697,87
21740,87
24856,87
25604,87
25629,87
26508,87
26537,87
176,86
1687,86
1689,86
1694,86
1818,86
2297,86
2766,86
5576,86
6258,86
6303,86
6314,86
7310,86
7379,86
7395,86
7430,86
7446,86
7462,86
7572,86
7643,86
7679,86
7683,86
8461,86
8597,86
9558,86
9891,86
10732,86
11015,86
12093,86
12212,86
15332,86
15429,86
19948,86
20302,86
20955,86
21052,86
21067,86
21696,86
21698,86
21743,86
21754,86
21776,86
22520,86
24085,86
24567,86
24616,86
24850,86
24871,86
25864,86
25867,86
25869,86
25877,86
26966,86
26980,86
26993,86
28586,86
28621,86
28669,86
28757,86
28759,86
29160,86
29170,86
29195,86
26725,85
26991,85
28535,85
28542,85
28563,85
28658,85
28737,85
28752,85
28755,85
28763,85
28938,85
29177,85
21,85
87,85
239,85
377,85
383,85
403,85
405,85
1367,85
1586,85
1848,85
1884,85
2313,85
2777,85
6260,85
6342,85
6754,85
7296,85
7316,85
7368,85
7383,85
7428,85
7437,85
7546,85
7595,85
7607,85
7625,85
7632,85
7639,85
7668,85
7695,85
7705,85
7710,85
9550,85
10654,85
11581,85
11592,85
11943,85
13853,85
14657,85
15024,85
15379,85
15421,85
15430,85
18526,85
20851,85
20952,85
21068,85
21717,85
22542,85
24839,85
25833,85
26197,85
26294,85
26509,85
26532,85
26553,85
152,84
1343,84
1525,84
1570,84
1787,84
1845,84
2314,84
2448,84
2774,84
2814,84
3528,84
6291,84
6372,84
7351,84
7440,84
7460,84
7469,84
7569,84
7578,84
7580,84
7601,84
7610,84
7660,84
7716,84
8416,84
8550,84
8625,84
8630,84
9523,84
9561,84
10722,84
11038,84
11190,84
11586,84
11594,84
11605,84
11937,84
11939,84
11954,84
11959,84
12645,84
14740,84
14986,84
14988,84
15000,84
18270,84
20116,84
20328,84
20941,84
21075,84
21685,84
21694,84
22581,84
22599,84
24594,84
24852,84
24869,84
25605,84
25825,84
25830,84
25852,84
26300,84
26504,84
26507,84
26513,84
26535,84
26727,84
26970,84
26986,84
28540,84
28645,84
28682,84
28686,84
28711,84
28729,84
28919,84
28932,84
28980,84
29149,84
29176,84
26706,83
26721,83
26730,83
27000,83
27002,83
27008,83
27018,83
27588,83
27669,83
28575,83
28622,83
28749,83
28767,83
28893,83
29136,83
29204,83
29220,83
31234,83
31323,83
38,83
54,83
181,83
1585,83
1833,83
1879,83
2770,83
5555,83
6269,83
6727,83
6738,83
6763,83
7335,83
7362,83
7405,83
7409,83
7436,83
7468,83
7534,83
7598,83
7612,83
7647,83
7672,83
7697,83
8216,83
8365,83
10560,83
10734,83
10934,83
10957,83
11570,83
11934,83
11965,83
12087,83
12181,83
12208,83
13451,83
14763,83
15344,83
15432,83
20283,83
20299,83
20405,83
21104,83
21676,83
21684,83
21686,83
22571,83
24591,83
24605,83
24828,83
24844,83
24859,83
25632,83
25846,83
26203,83
26522,83
210,82
1432,82
1553,82
1595,82
1596,82
1653,82
1657,82
1681,82
2318,82
2888,82
4668,82
6241,82
6312,82
6320,82
6833,82
7392,82
7575,82
7666,82
9551,82
11916,82
11926,82
13486,82
13871,82
14576,82
14668,82
15333,82
15423,82
20879,82
20895,82
20906,82
20943,82
20957,82
21006,82
21097,82
21106,82
21723,82
21730,82
21747,82
22525,82
24273,82
24565,82
24619,82
25831,82
26195,82
26258,82
26729,82
26982,82
27004,82
28660,82
28725,82
28744,82
28750,82
28900,82
28928,82
29006,82
29238,82
31297,82
26699,81
26731,81
27014,81
27037,81
28617,81
28715,81
28898,81
28940,81
29186,81
375,81
1352,81
1385,81
1398,81
1795,81
2300,81
2307,81
2454,81
2484,81
2815,81
5662,81
6306,81
7323,81
7333,81
7423,81
8521,81
8580,81
8636,81
10574,81
10685,81
11018,81
11220,81
11930,81
11949,81
11953,81
12055,81
12192,81
13470,81
15416,81
15420,81
15426,81
20273,81
20866,81
20869,81
22543,81
22553,81
22560,81
22561,81
22564,81
25103,81
26206,81
26497,81
414,80
1555,80
1658,80
2461,80
2804,80
2806,80
6717,80
6725,80
6735,80
7422,80
7445,80
7464,80
8255,80
8400,80
8495,80
8496,80
9582,80
10974,80
11048,80
11889,80
14688,80
14735,80
14744,80
14970,80
14993,80
15418,80
20255,80
20387,80
20935,80
21687,80
21695,80
22534,80
22552,80
24820,80
24843,80
25840,80
25868,80
25873,80
26550,80
26689,80
26717,80
26910,80
28580,80
28961,80
28966,80
29162,80
26968,79
26981,79
26987,79
27586,79
28634,79
28736,79
28754,79
28990,79
29249,79
30013,79
1,79
1572,79
1592,79
1793,79
2765,79
2786,79
3535,79
3563,79
6757,79
7366,79
7401,79
7404,79
8193,79
8204,79
8557,79
8605,79
9605,79
10720,79
11180,79
12189,79
12201,79
13465,79
13477,79
13835,79
14663,79
15279,79
15350,79
15427,79
15433,79
18236,79
20128,79
20252,79
20296,79
20316,79
20431,79
20842,79
20927,79
21711,79
22530,79
22535,79
22580,79
22584,79
22585,79
22591,79
22596,79
22618,79
22625,79
22628,79
24087,79
24840,79
478,78
1409,78
1554,78
1640,78
1651,78
1672,78
2312,78
2816,78
3531,78
3538,78
3549,78
4605,78
5655,78
6246,78
6299,78
6310,78
6343,78
7397,78
7418,78
8181,78
8460,78
8635,78
9554,78
9594,78
11182,78
11198,78
11598,78
11927,78
11946,78
11951,78
12089,78
18262,78
20110,78
20268,78
20300,78
20362,78
20389,78
20876,78
21079,78
21680,78
21699,78
21735,78
21750,78
21772,78
22602,78
22614,78
24867,78
24875,78
26326,78
26496,78
26722,78
26960,78
26995,78
28664,78
28985,78
29146,78
30069,78
30186,78
28589,77
28724,77
29000,77
29206,77
29226,77
29960,77
30524,77
340,77
374,77
409,77
1581,77
1643,77
1809,77
1832,77
3010,77
3532,77
3581,77
5175,77
5500,77
6253,77
6830,77
7165,77
7419,77
7465,77
8235,77
9336,77
9615,77
10684,77
10995,77
11205,77
11217,77
12066,77
13132,77
15274,77
15315,77
15323,77
15438,77
15442,77
18502,77
19285,77
20212,77
20310,77
20327,77
20843,77
20874,77
20918,77
21678,77
21762,77
22026,77
22512,77
22607,77
24857,77
25104,77
25585,77
26174,77
26525,77
26556,77
388,76
418,76
1388,76
1518,76
1545,76
1550,76
1593,76
1661,76
1697,76
2275,76
2800,76
2802,76
3032,76
3554,76
3571,76
6203,76
6267,76
6384,76
6955,76
7154,76
7390,76
7461,76
8164,76
9574,76
9603,76
10678,76
10983,76
11032,76
11206,76
11210,76
11931,76
12054,76
12950,76
13188,76
14772,76
15415,76
17090,76
18524,76
20277,76
20416,76
21039,76
21741,76
21777,76
24590,76
25102,76
25838,76
25863,76
26719,76
26738,76
28949,76
28965,76
28975,76
28992,76
29164,76
27635,75
27769,75
28733,75
29138,75
29169,75
29175,75
29182,75
29230,75
29233,75
30081,75
31288,75
31324,75
326,75
427,75
1407,75
1439,75
1582,75
1646,75
1647,75
1814,75
1839,75
2792,75
3545,75
4679,75
5620,75
7358,75
7435,75
7458,75
8531,75
8565,75
8596,75
9604,75
10069,75
10078,75
10949,75
10962,75
13135,75
13153,75
14742,75
14750,75
14894,75
15275,75
15365,75
18038,75
18254,75
18264,75
18540,75
19386,75
20141,75
20259,75
20306,75
20845,75
20885,75
20902,75
20950,75
20951,75
21726,75
21752,75
24243,75
24564,75
25608,75
26242,75
26547,75
358,74
381,74
397,74
508,74
555,74
1372,74
1377,74
1567,74
1574,74
1576,74
1851,74
2306,74
2810,74
2996,74
3542,74
4576,74
4582,74
4602,74
5202,74
5556,74
5559,74
6244,74
6266,74
7162,74
7420,74
7431,74
7943,74
8250,74
8530,74
9577,74
9591,74
9602,74
10655,74
11208,74
11879,74
12086,74
12171,74
12213,74
13139,74
14694,74
15029,74
15295,74
18506,74
20323,74
20339,74
20852,74
20910,74
22589,74
25264,74
25296,74
25876,74
26959,74
27722,74
28934,74
28946,74
28976,74
29183,74
29208,74
29244,74
30257,74
31317,74
31341,74
27015,73
27688,73
28907,73
28943,73
28999,73
29236,73
29247,73
29944,73
31310,73
352,73
1335,73
1381,73
1390,73
1400,73
1406,73
1418,73
1437,73
1441,73
1451,73
1466,73
1549,73
1563,73
1575,73
1579,73
3107,73
3573,73
5583,73
5612,73
6892,73
7332,73
7385,73
7386,73
8241,73
8366,73
8446,73
9592,73
12691,73
12771,73
13134,73
13183,73
14723,73
14736,73
14774,73
15330,73
15331,73
15412,73
18089,73
18503,73
19241,73
20287,73
20317,73
20865,73
20909,73
21662,73
22565,73
24569,73
24825,73
25090,73
25626,73
25845,73
1424,72
1425,72
1442,72
1445,72
1450,72
1453,72
1467,72
1486,72
1650,72
1677,72
1698,72
2472,72
3557,72
5568,72
6174,72
6177,72
6199,72
6381,72
8169,72
8275,72
8305,72
9564,72
9633,72
11218,72
12068,72
12820,72
13168,72
14702,72
14711,72
14716,72
14984,72
15336,72
15464,72
17468,72
18550,72
19279,72
21663,72
21727,72
21736,72
21751,72
22549,72
24827,72
26185,72
26712,72
26975,72
26985,72
27624,72
27630,72
27751,72
28674,72
29210,72
29228,72
29980,72
30463,72
30497,72
30508,72
26961,71
26976,71
26977,71
26988,71
27291,71
27331,71
28644,71
28979,71
29222,71
30137,71
30158,71
30462,71
31119,71
31140,71
1401,71
1419,71
1436,71
1440,71
1469,71
1546,71
1557,71
1578,71
1749,71
3056,71
3570,71
4625,71
5596,71
6364,71
7357,71
7451,71
8199,71
9583,71
9589,71
9630,71
10736,71
11229,71
11234,71
12062,71
12080,71
12084,71
13147,71
13159,71
14882,71
15277,71
18519,71
18555,71
20368,71
20954,71
21971,71
25770,71
25798,71
333,70
391,70
534,70
1317,70
1375,70
1416,70
1548,70
1847,70
2909,70
3527,70
3575,70
3582,70
4557,70
5976,70
6363,70
6365,70
6411,70
6732,70
7152,70
7352,70
10946,70
11201,70
12215,70
14675,70
14719,70
15286,70
15461,70
15507,70
18243,70
19228,70
19235,70
19261,70
19268,70
20111,70
20230,70
20249,70
20883,70
20888,70
20913,70
20947,70
24118,70
26538,70
26958,70
27043,70
27746,70
30331,70
30498,70
31328,70
27589,69
27763,69
27777,69
28588,69
28760,69
30010,69
30133,69
30162,69
30473,69
30499,69
30510,69
30511,69
31106,69
31121,69
31146,69
31332,69
31865,69
423,69
425,69
519,69
1391,69
1552,69
2277,69
2808,69
3098,69
3119,69
3124,69
3544,69
6228,69
6849,69
8206,69
8445,69
8551,69
8581,69
10571,69
10609,69
10704,69
10942,69
10977,69
11191,69
11836,69
12035,69
13273,69
13854,69
14680,69
14685,69
14748,69
14996,69
15509,69
18259,69
19250,69
19266,69
19269,69
19389,69
19407,69
19537,69
19576,69
20187,69
24135,69
24290,69
25595,69
25734,69
25870,69
1397,68
1558,68
1599,68
3037,68
3070,68
3082,68
3567,68
4515,68
4516,68
4575,68
4603,68
4613,68
5076,68
5573,68
5588,68
6180,68
7382,68
7398,68
7925,68
8175,68
8187,68
9580,68
9621,68
11215,68
11233,68
11846,68
12809,68
13170,68
14884,68
15346,68
15391,68
15441,68
15467,68
15508,68
15516,68
18276,68
19263,68
19264,68
19372,68
19424,68
19557,68
20908,68
20921,68
20922,68
20961,68
21078,68
22001,68
24129,68
25765,68
27713,68
27753,68
28902,68
30456,68
30479,68
30488,68
30491,68
30495,68
30504,68
30507,68
28962,67
30300,67
30335,67
30484,67
1594,67
2769,67
2785,67
2987,67
3076,67
4536,67
4959,67
6711,67
6909,67
8626,67
8646,67
9581,67
9616,67
9617,67
10592,67
11850,67
12164,67
13178,67
13350,67
13522,67
14691,67
14692,67
14847,67
15284,67
15410,67
15413,67
15472,67
15473,67
15489,67
15503,67
17491,67
18520,67
18523,67
18532,67
18551,67
19227,67
19236,67
19255,67
19257,67
19371,67
19390,67
19411,67
20225,67
20288,67
20872,67
20942,67
24117,67
24142,67
25773,67
25810,67
26518,67
1217,66
1322,66
1371,66
1403,66
1566,66
2233,66
2310,66
3072,66
3078,66
3112,66
3115,66
3126,66
3548,66
3578,66
4265,66
4279,66
4309,66
4580,66
5033,66
5617,66
6832,66
6913,66
8258,66
10988,66
11235,66
12083,66
12553,66
12674,66
12934,66
13531,66
14731,66
14764,66
15014,66
15505,66
17484,66
19245,66
19272,66
19413,66
19558,66
19578,66
20932,66
20962,66
24589,66
25053,66
27273,66
27300,66
27725,66
30219,66
30279,66
30348,66
30466,66
30505,66
30705,66
31104,66
31125,66
31137,66
31283,66
27305,65
27623,65
29012,65
30482,65
31126,65
31296,65
507,65
518,65
1174,65
1311,65
1374,65
1408,65
1462,65
1475,65
3087,65
3090,65
3094,65
3117,65
3529,65
4294,65
4599,65
4618,65
4661,65
5137,65
5385,65
5991,65
6175,65
6707,65
8160,65
9613,65
10637,65
10964,65
12172,65
13543,65
13545,65
14705,65
14869,65
15328,65
15482,65
15491,65
15495,65
15513,65
17502,65
18246,65
18543,65
19271,65
19273,65
19391,65
19401,65
19555,65
20190,65
20938,65
25648,65
25841,65
411,64
416,64
513,64
1211,64
1394,64
1731,64
2308,64
2934,64
2948,64
3058,64
3085,64
3088,64
3091,64
3121,64
3523,64
4127,64
4310,64
4316,64
4561,64
4565,64
4596,64
5220,64
6015,64
6061,64
6184,64
6206,64
6213,64
6883,64
6919,64
7952,64
8430,64
10640,64
13003,64
13174,64
13534,64
13540,64
13563,64
14868,64
14877,64
15475,64
15499,64
17474,64
17477,64
17485,64
18052,64
19278,64
19369,64
19533,64
19571,64
20161,64
20207,64
20406,64
20924,64
21090,64
27711,64
29005,64
29147,64
30252,64
30317,64
30340,64
30458,64
30471,64
30485,64
30530,64
31107,64
31139,64
27314,63
27768,63
28986,63
30506,63
31109,63
31292,63
214,63
1314,63
1321,63
1338,63
1339,63
1494,63
2287,63
2479,63
2924,63
3125,63
3333,63
4278,63
4562,63
4654,63
4673,63
5996,63
6192,63
6765,63
7354,63
9609,63
13161,63
13529,63
14726,63
15320,63
15511,63
18059,63
19262,63
19275,63
19370,63
19379,63
19384,63
19405,63
19427,63
19551,63
20206,63
20886,63
20916,63
20939,63
21972,63
25305,63
25670,63
25689,63
25836,63
25853,63
26500,63
26549,63
363,62
526,62
1083,62
1175,62
1220,62
1326,62
1345,62
1350,62
1521,62
1714,62
1716,62
1719,62
1720,62
1728,62
1754,62
1758,62
2248,62
2952,62
2977,62
3105,62
3111,62
4268,62
4276,62
4290,62
4298,62
6003,62
6195,62
6210,62
6880,62
7388,62
9626,62
10980,62
11384,62
12671,62
13260,62
13539,62
14701,62
14853,62
15307,62
15462,62
15512,62
18513,62
18525,62
19420,62
20135,62
27310,62
27327,62
27676,62
28585,62
29235,62
30094,62
30115,62
30154,62
30314,62
30355,62
30453,62
30472,62
30494,62
30509,62
31147,62
31291,62
27079,61
27721,61
30101,61
30129,61
30271,61
30296,61
1209,61
1396,61
1717,61
1726,61
1733,61
1735,61
1753,61
2261,61
2447,61
2818,61
2897,61
2960,61
3052,61
3075,61
3253,61
3524,61
3540,61
3546,61
4110,61
4517,61
5621,61
5652,61
6908,61
7371,61
7377,61
7929,61
8401,61
8485,61
10971,61
11542,61
12046,61
12666,61
13358,61
13523,61
13526,61
13535,61
13556,61
13557,61
14851,61
14905,61
15312,61
17464,61
18518,61
18546,61
19541,61
20192,61
20199,61
20849,61
22637,61
25058,61
25113,61
25213,61
26542,61
331,60
1168,60
1196,60
1499,60
1729,60
1740,60
1741,60
1747,60
1768,60
2797,60
3086,60
3108,60
4186,60
4275,60
4301,60
5985,60
6028,60
6207,60
6750,60
6888,60
6890,60
6923,60
6940,60
7400,60
8325,60
11843,60
12159,60
12205,60
12522,60
13506,60
13510,60
13532,60
13549,60
13882,60
14769,60
14873,60
15290,60
15390,60
15409,60
18257,60
19388,60
19392,60
19525,60
20282,60
20900,60
21988,60
25821,60
27027,60
27028,60
27059,60
27685,60
27707,60
27729,60
27783,60
29248,60
30238,60
30290,60
31875,60
26694,59
27064,59
27773,59
30281,59
30336,59
30502,59
31111,59
31320,59
31862,59
31878,59
344,59
570,59
1197,59
1202,59
1723,59
1739,59
1750,59
2477,59
3001,59
3080,59
3348,59
3553,59
3559,59
3579,59
4134,59
4282,59
4299,59
4308,59
5615,59
5634,59
5636,59
5979,59
6868,59
8566,59
10599,59
12527,59
12658,59
12677,59
12679,59
13181,59
13509,59
13538,59
14850,59
15377,59
15519,59
17492,59
17493,59
17494,59
18505,59
19239,59
19530,59
19572,59
20228,59
20492,59
21705,59
21978,59
22860,59
24858,59
25611,59
25723,59
25750,59
25771,59
512,58
588,58
1170,58
1171,58
1201,58
1203,58
1308,58
1414,58
1481,58
1502,58
1756,58
1767,58
1821,58
3079,58
3256,58
3533,58
4262,58
4267,58
4284,58
4292,58
4522,58
5369,58
5378,58
5647,58
6010,58
6023,58
6053,58
6194,58
6524,58
6532,58
6858,58
6861,58
6929,58
8081,58
8486,58
11029,58
11531,58
11945,58
13355,58
13365,58
14540,58
14899,58
14902,58
15294,58
15406,58
15496,58
18252,58
18537,58
19575,58
20191,58
22003,58
22028,58
22664,58
25698,58
25753,58
26881,58
27032,58
27275,58
27299,58
28917,58
30237,58
30357,58
31150,58
31853,58
31859,58
27308,57
28671,57
28960,57
30212,57
30465,57
31123,57
31340,57
592,57
1167,57
1182,57
1278,57
1361,57
1510,57
1709,57
1712,57
1715,57
1760,57
1826,57
2771,57
2803,57
2821,57
3031,57
4179,57
4293,57
4525,57
4621,57
5660,57
5999,57
6011,57
6058,57
6211,57
6230,57
6540,57
6747,57
6933,57
7122,57
7456,57
8225,57
8372,57
9538,57
11050,57
12515,57
13259,57
13521,57
13542,57
14876,57
14883,57
14895,57
18013,57
18054,57
18092,57
19560,57
20219,57
20227,57
20457,57
22648,57
22870,57
25087,57
26540,57
376,56
387,56
544,56
1183,56
1186,56
1188,56
1769,56
2298,56
2464,56
2767,56
3277,56
4173,56
4182,56
4289,56
4640,56
6021,56
6069,56
6086,56
6885,56
6947,56
7364,56
8140,56
8355,56
9531,56
11528,56
12184,56
12547,56
12895,56
13155,56
13524,56
13562,56
14977,56
15400,56
15407,56
17466,56
17982,56
18043,56
18573,56
19574,56
20422,56
20465,56
21709,56
22017,56
22673,56
22825,56
22847,56
22851,56
24872,56
25118,56
25582,56
25666,56
25824,56
27024,56
27295,56
28680,56
28915,56
28948,56
30278,56
30332,56
30700,56
30819,56
31099,56
31130,56
31318,56
27326,55
28610,55
28964,55
30287,55
30295,55
30329,55
30349,55
392,55
404,55
536,55
596,55
1177,55
1184,55
1213,55
1764,55
3390,55
4144,55
4151,55
4510,55
5376,55
5382,55
5396,55
5407,55
6006,55
6087,55
6227,55
6511,55
6565,55
6838,55
6966,55
8090,55
9100,55
10698,55
11404,55
11855,55
11866,55
12193,55
13142,55
13165,55
13298,55
14150,55
15398,55
15403,55
15404,55
17861,55
18577,55
19543,55
20184,55
20210,55
21979,55
21998,55
22678,55
25111,55
26238,55
130,54
382,54
531,54
545,54
551,54
585,54
1166,54
3250,54
3366,54
4271,54
4287,54
4611,54
5364,54
5371,54
5420,54
5975,54
5983,54
6214,54
6521,54
6828,54
6850,54
6963,54
7936,54
8099,54
9068,54
11544,54
11845,54
12874,54
13166,54
14174,54
14892,54
14906,54
15401,54
15515,54
17498,54
17823,54
17834,54
18024,54
18066,54
18247,54
19230,54
20450,54
20468,54
20477,54
20853,54
20981,54
20999,54
21977,54
22846,54
24604,54
27332,54
27761,54
28529,54
29010,54
30103,54
30207,54
30475,54
30756,54
31128,54
27285,53
28685,53
28942,53
28953,53
29007,53
29151,53
30702,53
30710,53
31152,53
31319,53
399,53
491,53
595,53
1047,53
1384,53
1669,53
2796,53
3109,53
4154,53
4157,53
4174,53
4177,53
5411,53
5423,53
5980,53
6046,53
6065,53
6072,53
6187,53
6723,53
6910,53
6952,53
7993,53
8043,53
9063,53
9114,53
9556,53
11524,53
12539,53
12888,53
12923,53
14159,53
15020,53
15468,53
15474,53
15478,53
15486,53
15500,53
15506,53
15518,53
17481,53
17865,53
18494,53
18560,53
19231,53
19247,53
19395,53
19531,53
20226,53
20442,53
20474,53
20479,53
21729,53
22658,53
22684,53
22852,53
25653,53
25678,53
25733,53
525,52
533,52
1212,52
1258,52
1303,52
1332,52
1344,52
1353,52
1365,52
1393,52
1395,52
1683,52
1738,52
2453,52
2961,52
3224,52
3236,52
4161,52
4180,52
4188,52
4303,52
6018,52
6066,52
6077,52
6509,52
6556,52
6733,52
6831,52
8356,52
10114,52
11212,52
11514,52
11547,52
12091,52
12519,52
12536,52
12855,52
13376,52
14170,52
14199,52
15458,52
17853,52
17974,52
18027,52
18594,52
18600,52
19260,52
19277,52
19281,52
19283,52
19947,52
20200,52
20229,52
20232,52
21778,52
22832,52
25116,52
25695,52
25718,52
25728,52
26523,52
26526,52
26545,52
26936,52
27095,52
27625,52
30272,52
30280,52
30288,52
30323,52
30706,52
31282,52
31855,52
27021,51
27620,51
28678,51
30318,51
30346,51
30827,51
31876,51
31883,51
560,51
1162,51
1172,51
1194,51
1198,51
2458,51
4138,51
4148,51
4160,51
4172,51
4261,51
4285,51
5365,51
5368,51
5386,51
5421,51
6016,51
6047,51
6075,51
6078,51
6185,51
6190,51
6526,51
6550,51
6560,51
6563,51
6920,51
9070,51
9097,51
9560,51
10099,51
11523,51
12524,51
12540,51
13290,51
13335,51
13505,51
13537,51
14149,51
14192,51
15389,51
17455,51
17487,51
17497,51
18035,51
18083,51
18564,51
18566,51
18595,51
19950,51
20193,51
20222,51
20446,51
20491,51
20993,51
21981,51
22222,51
22866,51
23031,51
25094,51
25271,51
25642,51
932,50
943,50
971,50
1199,50
1219,50
1255,50
1259,50
1272,50
1284,50
1986,50
1987,50
2006,50
2450,50
2473,50
3129,50
4159,50
4175,50
4229,50
4260,50
4273,50
4300,50
4313,50
5383,50
6056,50
6057,50
6466,50
6480,50
6547,50
6552,50
6731,50
7108,50
7155,50
8040,50
8114,50
9061,50
9071,50
9076,50
9110,50
9111,50
9117,50
9601,50
10319,50
10345,50
11421,50
11453,50
11505,50
11519,50
11522,50
11553,50
11556,50
11928,50
12503,50
12529,50
12914,50
12989,50
13283,50
13320,50
13541,50
13546,50
13558,50
13766,50
13863,50
14201,50
14204,50
14482,50
14513,50
14864,50
14896,50
16281,50
16289,50
16697,50
16710,50
17820,50
19075,50
19553,50
20261,50
20443,50
20458,50
20982,50
21002,50
21041,50
21355,50
21357,50
21367,50
21376,50
21381,50
21384,50
21385,50
21914,50
21962,50
21966,50
22000,50
23400,50
23883,50
24583,50
25059,50
27104,50
27278,50
29215,50
29761,50
29768,50
30229,50
30322,50
30366,50
30753,50
31156,50
31298,50
31697,50
31894,50
32575,50
32579,50
26705,49
26732,49
27289,49
27306,49
27405,49
27425,49
27427,49
27443,49
27559,49
27599,49
28166,49
28174,49
29779,49
29787,49
30799,49
31710,49
31863,49
32598,49
32600,49
32669,49
32693,49
516,49
1368,49
1956,49
1969,49
1972,49
2242,49
2299,49
2445,49
2995,49
3381,49
4118,49
4122,49
4764,49
4792,49
5380,49
5409,49
5977,49
6013,49
6092,49
6094,49
6433,49
6452,49
6463,49
6464,49
6470,49
6548,49
6683,49
8381,49
9077,49
10354,49
11427,49
11503,49
11838,49
12532,49
12544,49
12601,49
12603,49
12614,49
12635,49
12900,49
13503,49
13533,49
13747,49
13770,49
13786,49
13802,49
13867,49
14160,49
14175,49
14483,49
14524,49
15677,49
16597,49
17456,49
17490,49
18034,49
18071,49
18082,49
18559,49
21014,49
21341,49
21396,49
21964,49
21980,49
22243,49
22247,49
22268,49
22827,49
23114,49
23248,49
23273,49
23294,49
23356,49
23365,49
23377,49
23398,49
23660,49
23849,49
25641,49
25658,49
25676,49
25681,49
25708,49
25822,49
505,48
566,48
567,48
599,48
947,48
1260,48
1301,48
1357,48
1979,48
2294,48
3146,48
3227,48
4146,48
4166,48
4324,48
4791,48
5424,48
5719,48
6062,48
6104,48
6539,48
6558,48
6863,48
7132,48
7160,48
7984,48
8098,48
9089,48
10358,48
10689,48
10696,48
10699,48
10735,48
10739,48
10741,48
11376,48
11422,48
11434,48
11437,48
11443,48
11463,48
11472,48
11533,48
11536,48
11539,48
11559,48
12061,48
12600,48
12847,48
12866,48
13776,48
13807,48
14153,48
14182,48
14188,48
14207,48
14457,48
14507,48
15652,48
15678,48
15789,48
16687,48
16712,48
17867,48
18010,48
18245,48
18603,48
19549,48
20115,48
20473,48
20488,48
21345,48
21365,48
21991,48
22239,48
22245,48
22258,48
22264,48
22840,48
22848,48
23186,48
23262,48
23265,48
23304,48
23844,48
24566,48
25684,48
25859,48
27039,48
27329,48
27404,48
27452,48
27535,48
27582,48
28591,48
28594,48
28608,48
28609,48
28615,48
28631,48
29773,48
29786,48
29791,48
29794,48
29797,48
30307,48
30308,48
30697,48
30816,48
31321,48
31656,48
31663,48
31897,48
32055,48
32592,48
32685,48
26895,47
27066,47
27397,47
27406,47
27441,47
27569,47
28612,47
28620,47
28670,47
29203,47
29765,47
29772,47
30019,47
30741,47
31490,47
31674,47
32605,47
32618,47
582,47
1254,47
1306,47
1435,47
1458,47
1654,47
1975,47
2429,47
2456,47
2468,47
2478,47
2490,47
3021,47
3143,47
3175,47
3292,47
4211,47
5978,47
6012,47
6044,47
6441,47
6446,47
6449,47
6456,47
6460,47
6465,47
6471,47
6476,47
6479,47
6483,47
6518,47
6528,47
6535,47
6538,47
6944,47
7095,47
7111,47
7817,47
8129,47
8387,47
9062,47
9090,47
9118,47
9563,47
9576,47
9587,47
10326,47
10710,47
10713,47
11411,47
11433,47
11435,47
11450,47
11456,47
11465,47
11467,47
11502,47
11509,47
11510,47
11534,47
11543,47
12079,47
12556,47
12583,47
12828,47
13281,47
13311,47
13312,47
13336,47
13797,47
14155,47
14156,47
14172,47
14179,47
14181,47
14185,47
14187,47
14191,47
14193,47
14196,47
14208,47
14465,47
14518,47
14521,47
14908,47
15840,47
16683,47
16708,47
17084,47
17505,47
18064,47
18544,47
18582,47
18613,47
19509,47
19694,47
20123,47
20131,47
20159,47
20437,47
20481,47
21397,47
21749,47
21834,47
22075,47
22225,47
22230,47
22236,47
22242,47
22250,47
22254,47
22255,47
22262,47
22265,47
22670,47
22855,47
23021,47
23040,47
23260,47
23399,47
23581,47
23678,47
25191,47
25649,47
25668,47
26491,47
1289,46
1296,46
1967,46
1978,46
1990,46
2252,46
2446,46
2480,46
3318,46
3324,46
4171,46
4767,46
4795,46
4800,46
4808,46
4983,46
5398,46
5712,46
5725,46
5729,46
6071,46
6102,46
6429,46
6438,46
6442,46
6443,46
6457,46
6477,46
6482,46
6493,46
6494,46
6696,46
6948,46
7118,46
8340,46
9075,46
9078,46
9557,46
9586,46
11423,46
11501,46
11560,46
12629,46
12896,46
13280,46
13331,46
13353,46
13377,46
13757,46
14152,46
14158,46
14166,46
14194,46
14490,46
14493,46
15280,46
16278,46
16280,46
16300,46
16580,46
16679,46
17500,46
17818,46
18068,46
18090,46
18598,46
19079,46
19520,46
20147,46
20411,46
20439,46
20463,46
21109,46
21393,46
21846,46
22044,46
22214,46
22223,46
22229,46
22232,46
22237,46
22251,46
22263,46
22266,46
22270,46
22272,46
22634,46
22679,46
22869,46
23350,46
23397,46
23674,46
25065,46
25272,46
25664,46
25712,46
26821,46
27026,46
27437,46
27439,46
27440,46
27448,46
27537,46
27618,46
28655,46
30312,46
30792,46
31285,46
31482,46
32077,46
32095,46
32609,46
32613,46
32654,46
32686,46
32687,46
32699,46
27038,45
27081,45
27105,45
27402,45
27412,45
27530,45
27540,45
27591,45
27765,45
28697,45
29483,45
29760,45
29799,45
29800,45
30313,45
30339,45
30356,45
30709,45
30823,45
31857,45
32092,45
32684,45
32690,45
32702,45
942,45
945,45
1269,45
1976,45
2000,45
2013,45
2089,45
3130,45
3131,45
3134,45
3296,45
3357,45
3697,45
4149,45
4184,45
4212,45
4252,45
4770,45
4787,45
4814,45
5120,45
6083,45
6110,45
6209,45
6431,45
6472,45
6492,45
6527,45
6541,45
6853,45
7145,45
8690,45
9522,45
9596,45
9614,45
9629,45
10371,45
11002,45
11401,45
11416,45
11448,45
11455,45
11469,45
11478,45
11508,45
11520,45
11629,45
12542,45
12932,45
13131,45
13775,45
14183,45
14881,45
15658,45
16570,45
16686,45
16714,45
17862,45
18578,45
18604,45
18614,45
19522,45
19676,45
20235,45
20530,45
21318,45
21841,45
21939,45
21957,45
22086,45
22248,45
22476,45
22660,45
23180,45
23252,45
23293,45
23303,45
23351,45
23657,45
23672,45
25687,45
25691,45
25736,45
26278,45
26528,45
966,44
975,44
1313,44
1508,44
1644,44
1981,44
2007,44
2092,44
2391,44
3174,44
4112,44
4117,44
4135,44
4147,44
4155,44
4191,44
4758,44
4778,44
4950,44
5026,44
5195,44
5375,44
5405,44
5669,44
6019,44
6055,44
6068,44
6440,44
6455,44
6462,44
6495,44
6515,44
6520,44
6537,44
6553,44
6871,44
7136,44
7836,44
11447,44
11458,44
12543,44
12595,44
12849,44
13305,44
13325,44
14475,44
14859,44
15657,44
15666,44
15795,44
15830,44
15845,44
16308,44
17996,44
18011,44
18039,44
18050,44
18084,44
18538,44
18587,44
20238,44
20679,44
21392,44
21758,44
21843,44
21935,44
21944,44
22234,44
22674,44
22830,44
23026,44
23084,44
23286,44
23352,44
23384,44
23655,44
23663,44
23692,44
24701,44
25093,44
26256,44
26334,44
27090,44
27416,44
27431,44
27434,44
27450,44
27455,44
27523,44
27528,44
27544,44
27584,44
28982,44
29754,44
30730,44
31675,44
31711,44
31892,44
32583,44
32642,44
32694,44
27046,43
27116,43
27583,43
29193,43
29763,43
30708,43
30724,43
31488,43
31679,43
31714,43
31906,43
32576,43
32643,43
32660,43
32670,43
370,43
939,43
1262,43
1315,43
1664,43
1973,43
2469,43
3268,43
3680,43
3694,43
4131,43
4168,43
4200,43
4245,43
4768,43
4805,43
4809,43
5052,43
5393,43
5693,43
5716,43
5720,43
6200,43
6445,43
6484,43
6680,43
7109,43
7110,43
7135,43
8007,43
9099,43
10372,43
11065,43
11223,43
11474,43
11538,43
12485,43
12920,43
12936,43
13172,43
13769,43
14481,43
15668,43
15675,43
15702,43
16603,43
17704,43
17833,43
17976,43
18056,43
19380,43
19511,43
19705,43
19714,43
20153,43
21342,43
21380,43
21410,43
21424,43
21426,43
21427,43
21446,43
21451,43
21463,43
21673,43
21757,43
21919,43
22022,43
22069,43
22269,43
22817,43
23044,43
23050,43
23113,43
23277,43
23346,43
23378,43
23380,43
23571,43
23661,43
23667,43
23670,43
23681,43
23898,43
24609,43
24861,43
25070,43
25328,43
25652,43
26284,43
1249,42
1341,42
1642,42
1959,42
1991,42
2239,42
2424,42
3176,42
3189,42
3651,42
4226,42
4326,42
4759,42
4772,42
4788,42
4790,42
4802,42
4807,42
5701,42
5714,42
5721,42
6085,42
6091,42
6097,42
7574,42
8675,42
8696,42
9526,42
9553,42
10324,42
10368,42
11370,42
11391,42
11464,42
11551,42
11557,42
11661,42
12074,42
12104,42
12482,42
12535,42
12549,42
12609,42
12620,42
12628,42
12639,42
12842,42
13285,42
13297,42
13753,42
13798,42
14489,42
14517,42
14888,42
15360,42
15841,42
16273,42
16563,42
16583,42
16692,42
17872,42
17983,42
18026,42
19423,42
19535,42
19695,42
19708,42
19710,42
19723,42
21434,42
21444,42
21452,42
21453,42
21455,42
21746,42
21915,42
21941,42
21952,42
22892,42
22917,42
22923,42
23049,42
23059,42
23174,42
23301,42
23394,42
23666,42
23671,42
23677,42
23690,42
23697,42
23705,42
23881,42
25099,42
25285,42
25312,42
25337,42
26297,42
27070,42
27120,42
27410,42
27451,42
27517,42
27576,42
28690,42
28703,42
28887,42
30220,42
30732,42
31476,42
31666,42
31677,42
31871,42
32568,42
32617,42
32664,42
32671,42
32679,42
32680,42
32689,42
26614,41
26842,41
27062,41
27316,41
27408,41
27409,41
27447,41
27526,41
29491,41
29752,41
29785,41
29806,41
30289,41
30330,41
30358,41
30367,41
31466,41
31486,41
31519,41
31867,41
32063,41
32573,41
32655,41
32657,41
32665,41
32675,41
928,41
944,41
951,41
955,41
1281,41
1294,41
1474,41
1695,41
2399,41
2403,41
2976,41
3004,41
3059,41
3149,41
3188,41
3683,41
4164,41
4321,41
4762,41
4766,41
4793,41
4803,41
5020,41
5123,41
5136,41
5209,41
5235,41
5708,41
7126,41
7127,41
7143,41
7608,41
10335,41
10339,41
10352,41
11477,41
11481,41
11606,41
12072,41
12618,41
13274,41
13773,41
13804,41
13806,41
13877,41
14522,41
14938,41
15351,41
15656,41
15667,41
15819,41
15825,41
15826,41
16265,41
16582,41
17738,41
17978,41
18570,41
18589,41
19061,41
19561,41
19692,41
20432,41
20514,41
21359,41
21412,41
21422,41
21429,41
21448,41
21457,41
21459,41
21460,41
21461,41
21462,41
21469,41
21707,41
21774,41
21974,41
22665,41
22834,41
22857,41
22877,41
22878,41
22884,41
22885,41
22893,41
22897,41
22902,41
22921,41
22924,41
22925,41
22930,41
22931,41
22935,41
23025,41
23077,41
23358,41
23536,41
23650,41
23701,41
24836,41
25201,41
25270,41
25281,41
25291,41
25326,41
25661,41
26299,41
26308,41
26315,41
26567,41
925,40
1267,40
1980,40
2003,40
2012,40
2082,40
2407,40
3136,40
3177,40
3360,40
3399,40
3648,40
3682,40
3692,40
4222,40
4236,40
4323,40
4771,40
4782,40
4798,40
4961,40
4978,40
4990,40
5159,40
5723,40
5988,40
6004,40
6036,40
6107,40
6205,40
6508,40
6557,40
7120,40
7834,40
10321,40
11399,40
11424,40
11426,40
11452,40
11650,40
12526,40
12587,40
13379,40
14504,40
14557,40
14871,40
15696,40
15846,40
15848,40
16293,40
16564,40
16606,40
17730,40
17838,40
17972,40
17973,40
18014,40
19668,40
19683,40
19690,40
20486,40
20500,40
20553,40
21324,40
21411,40
21414,40
21433,40
21437,40
21442,40
21447,40
21458,40
21965,40
22006,40
22023,40
22685,40
22889,40
22891,40
22896,40
22899,40
22906,40
22910,40
22914,40
22933,40
22934,40
23000,40
23017,40
23100,40
23263,40
23343,40
23354,40
23388,40
23395,40
23570,40
23675,40
23689,40
23842,40
24615,40
25074,40
25346,40
26302,40
26681,40
26838,40
27313,40
27423,40
27426,40
27429,40
27446,40
27561,40
28875,40
28895,40
29487,40
31477,40
31493,40
31705,40
31724,40
31893,40
32064,40
32068,40
32070,40
32073,40
32615,40
32652,40
32656,40
32683,40
26680,39
26736,39
27051,39
27065,39
27096,39
27398,39
27555,39
27590,39
27619,39
29140,39
30723,39
31499,39
31684,39
31860,39
32076,39
32570,39
32577,39
32611,39
32698,39
32700,39
917,39
924,39
1250,39
1277,39
1295,39
1305,39
2237,39
2246,39
2422,39
2487,39
2951,39
3145,39
3233,39
3665,39
3668,39
3671,39
3672,39
3676,39
3677,39
4115,39
4247,39
4319,39
4781,39
4784,39
5087,39
5129,39
5705,39
5993,39
6005,39
6030,39
6048,39
6093,39
6220,39
6525,39
6837,39
7148,39
7958,39
8056,39
8245,39
8687,39
9104,39
10320,39
11389,39
11432,39
11634,39
11672,39
12155,39
12490,39
12507,39
12621,39
12622,39
12641,39
12826,39
13271,39
13765,39
13788,39
13790,39
13851,39
14473,39
14478,39
14509,39
14856,39
14890,39
14966,39
15660,39
15681,39
15813,39
15827,39
15837,39
16269,39
16274,39
16277,39
16306,39
16571,39
16573,39
16706,39
16722,39
17297,39
17684,39
17984,39
18073,39
18611,39
19078,39
20505,39
20523,39
21344,39
21464,39
21689,39
21936,39
22645,39
22820,39
22845,39
22907,39
22932,39
23107,39
23247,39
23258,39
23372,39
23662,39
23686,39
23700,39
24696,39
24735,39
24854,39
25814,39
26286,39
26592,39
920,38
929,38
1290,38
2243,38
2382,38
2394,38
2395,38
2432,38
2989,38
3133,38
3148,38
3184,38
3393,38
3650,38
3688,38
3702,38
4114,38
4213,38
4797,38
5049,38
5695,38
5703,38
5984,38
5995,38
6040,38
6050,38
6514,38
7113,38
7837,38
10337,38
10351,38
10375,38
11367,38
11392,38
11402,38
12127,38
12619,38
12844,38
12867,38
13277,38
14463,38
14953,38
15198,38
15368,38
15651,38
16572,38
17827,38
17852,38
17864,38
17991,38
19046,38
19580,38
19693,38
19923,38
20433,38
20454,38
20504,38
20543,38
20675,38
21681,38
21704,38
21718,38
21942,38
21985,38
22915,38
23057,38
23282,38
23546,38
23648,38
23665,38
23694,38
24376,38
24729,38
24742,38
24816,38
24835,38
24841,38
25330,38
25335,38
26280,38
26494,38
26605,38
26696,38
26710,38
26822,38
26825,38
26841,38
26926,38
27543,38
27573,38
28874,38
28904,38
29081,38
29098,38
29479,38
30519,38
30722,38
30763,38
31495,38
31500,38
31521,38
31655,38
32075,38
32677,38
32984,38
26737,37
26889,37
27085,37
27549,37
27587,37
29103,37
29117,37
29158,37
29232,37
29495,37
29784,37
31473,37
31496,37
32048,37
32071,37
32074,37
32089,37
32621,37
32974,37
32993,37
590,37
919,37
938,37
953,37
957,37
1077,37
1955,37
1957,37
1994,37
2249,37
2414,37
2418,37
2903,37
3132,37
3167,37
3187,37
3647,37
3674,37
3690,37
3696,37
3705,37
4119,37
4216,37
4359,37
5003,37
5143,37
5224,37
5384,37
7227,37
7694,37
8698,37
9087,37
10353,37
11162,37
11380,37
11408,37
11444,37
12560,37
12812,37
13836,37
13874,37
14460,37
14491,37
14862,37
14866,37
14901,37
14924,37
16271,37
17848,37
17981,37
18007,37
18249,37
18266,37
18504,37
19563,37
19681,37
19702,37
20426,37
20516,37
20531,37
20810,37
21940,37
22078,37
22482,37
23176,37
23383,37
23568,37
23647,37
24734,37
25615,37
26335,37
26582,37
972,36
1420,36
1631,36
1996,36
2059,36
2254,36
2256,36
2410,36
2416,36
2442,36
3005,36
3068,36
3162,36
3662,36
3673,36
3679,36
3941,36
5017,36
5065,36
5153,36
5387,36
5698,36
6105,36
7099,36
7115,36
7124,36
7808,36
7997,36
8033,36
10343,36
11623,36
11624,36
11671,36
11682,36
13177,36
13768,36
14464,36
14951,36
15304,36
15526,36
15836,36
16486,36
16554,36
16601,36
17722,36
17728,36
18078,36
19085,36
19679,36
20440,36
20510,36
21369,36
21382,36
21714,36
21916,36
22470,36
22481,36
22880,36
23699,36
24833,36
25220,36
25263,36
25591,36
25610,36
26241,36
26277,36
26303,36
26322,36
26697,36
26845,36
26859,36
26880,36
27123,36
27629,36
29100,36
29131,36
30098,36
30311,36
30831,36
31733,36
31905,36
32083,36
32085,36
32942,36
26612,35
26860,35
27056,35
28162,35
28984,35
29109,35
29748,35
30299,35
30833,35
31329,35
31507,35
31514,35
31683,35
31701,35
31709,35
31722,35
32081,35
32091,35
32508,35
32950,35
153,35
930,35
1274,35
1613,35
2016,35
2040,35
2042,35
2050,35
2051,35
2057,35
2383,35
2405,35
2413,35
2426,35
3013,35
3182,35
3667,35
4218,35
4221,35
4230,35
5073,35
5142,35
5180,35
5381,35
5388,35
5413,35
5422,35
5724,35
8021,35
8371,35
8422,35
8663,35
8705,35
10316,35
11060,35
11168,35
11179,35
11662,35
11677,35
12949,35
14455,35
14941,35
14947,35
15690,35
15809,35
15832,35
15847,35
16297,35
16458,35
16598,35
16602,35
16673,35
17479,35
17824,35
17830,35
17840,35
18058,35
18545,35
18609,35
19067,35
19670,35
20495,35
20819,35
21924,35
21953,35
21986,35
22656,35
22672,35
22916,35
23046,35
23524,35
23564,35
23851,35
24722,35
25624,35
26305,35
26336,35
26559,35
1965,34
2015,34
2017,34
2019,34
2023,34
2026,34
2031,34
2032,34
2034,34
2037,34
2039,34
2054,34
2055,34
2062,34
2069,34
2074,34
2192,34
2959,34
3051,34
3183,34
3664,34
3704,34
4327,34
5200,34
5367,34
5689,34
5727,34
6098,34
6201,34
6223,34
7680,34
7798,34
7813,34
7829,34
7847,34
8665,34
11394,34
11637,34
12119,34
12277,34
12282,34
12475,34
12633,34
13186,34
14913,34
15297,34
15654,34
16490,34
16497,34
16500,34
16503,34
16551,34
17106,34
17708,34
18235,34
19081,34
19082,34
19100,34
20186,34
20497,34
20499,34
21335,34
21361,34
21688,34
22689,34
22854,34
23006,34
23010,34
23011,34
23032,34
23056,34
23268,34
23280,34
23345,34
23369,34
23375,34
23550,34
23556,34
23905,34
24572,34
24595,34
24704,34
24837,34
25581,34
25609,34
26283,34
26487,34
26562,34
26830,34
26833,34
26850,34
26872,34
27048,34
27049,34
27060,34
27097,34
28968,34
29114,34
29135,34
29331,34
30381,34
32955,34
32969,34
28649,33
28857,33
28973,33
29093,33
29096,33
29097,33
29124,33
29485,33
29489,33
30400,33
31669,33
31907,33
31908,33
32087,33
32459,33
32572,33
1454,33
1479,33
1616,33
1999,33
2020,33
2045,33
2053,33
2064,33
2065,33
2070,33
2072,33
2462,33
3186,33
3434,33
4253,33
4336,33
4378,33
4389,33
5196,33
7093,33
7810,33
7824,33
8703,33
9069,33
9528,33
10373,33
12101,33
12133,33
12146,33
12206,33
12286,33
12610,33
12972,33
13885,33
14511,33
14563,33
14973,33
15172,33
15650,33
15822,33
15844,33
16472,33
16599,33
16689,33
16702,33
17004,33
17009,33
17266,33
17726,33
17971,33
19689,33
19704,33
20501,33
20549,33
22693,33
23053,33
23182,33
23187,33
23189,33
23541,33
24723,33
24728,33
25612,33
25619,33
26293,33
26324,33
1130,32
1287,32
1302,32
1970,32
2035,32
2052,32
2098,32
2100,32
2428,32
2435,32
2491,32
2878,32
2984,32
3053,32
3378,32
3660,32
3686,32
3698,32
4196,32
4206,32
4227,32
4350,32
4956,32
5036,32
5692,32
6674,32
7139,32
7799,32
7802,32
7807,32
7809,32
7823,32
7826,32
7845,32
8012,32
10322,32
10776,32
11626,32
11639,32
11679,32
11681,32
12151,32
12278,32
12484,32
12588,32
12591,32
13748,32
13815,32
13816,32
14534,32
14932,32
14948,32
15007,32
15022,32
15025,32
15349,32
15392,32
15661,32
15693,32
16453,32
16470,32
16476,32
16501,32
16579,32
16586,32
16705,32
17718,32
17731,32
19048,32
19565,32
20223,32
20240,32
20247,32
20280,32
20445,32
20513,32
20551,32
21932,32
22826,32
23034,32
23042,32
23178,32
23261,32
23266,32
23362,32
23363,32
23527,32
23533,32
23557,32
23850,32
24574,32
24703,32
25196,32
26333,32
26557,32
26561,32
26575,32
26834,32
26873,32
27093,32
27312,32
27565,32
27571,32
28102,32
28995,32
29340,32
29521,32
29775,32
31497,32
31513,32
31524,32
31699,32
31884,32
32046,32
32057,32
32067,32
32093,32
32097,32
32098,32
32100,32
32452,32
32455,32
32482,32
32952,32
26846,31
26855,31
26868,31
27605,31
28069,31
28870,31
28956,31
29085,31
29095,31
30372,31
31114,31
31506,31
31721,31
31729,31
32905,31
32988,31
32990,31
940,31
950,31
1252,31
1449,31
2096,31
2408,31
2420,31
2911,31
3144,31
3165,31
4198,31
4386,31
4477,31
5710,31
6101,31
6232,31
6676,31
7112,31
7581,31
7841,31
7856,31
9066,31
9106,31
10374,31
11667,31
12063,31
12528,31
13814,31
14791,31
14825,31
14828,31
14911,31
14935,31
14989,31
14997,31
15002,31
15005,31
15163,31
15201,31
15708,31
15817,31
16258,31
16263,31
16302,31
16468,31
16475,31
16482,31
16483,31
17016,31
17265,31
17321,31
17714,31
18020,31
18939,31
18997,31
19063,31
19408,31
19665,31
20672,31
21337,31
23074,31
23276,31
23389,31
23563,31
23893,31
24325,31
24345,31
24688,31
24714,31
25052,31
25055,31
26579,31
941,30
1081,30
1091,30
1266,30
1982,30
2486,30
2957,30
2971,30
3405,30
3458,30
4125,30
4328,30
4368,30
4458,30
4492,30
6681,30
7535,30
7624,30
7631,30
7709,30
8682,30
8692,30
8700,30
10359,30
11174,30
11176,30
11412,30
12064,30
12105,30
12167,30
12555,30
13819,30
14780,30
14815,30
14823,30
14961,30
15152,30
15358,30
15649,30
16301,30
16447,30
16455,30
16459,30
16467,30
16493,30
16495,30
16499,30
16502,30
17001,30
17264,30
17269,30
17316,30
17692,30
17701,30
17711,30
17717,30
19534,30
19546,30
19698,30
19910,30
20203,30
20243,30
20246,30
20265,30
20520,30
20525,30
20817,30
20824,30
20864,30
21108,30
21349,30
21963,30
22053,30
22477,30
22480,30
23853,30
23889,30
24618,30
24738,30
25057,30
25091,30
25108,30
25200,30
25693,30
26229,30
26245,30
26317,30
26329,30
26593,30
27612,30
28834,30
28866,30
28993,30
29080,30
29084,30
29105,30
29115,30
29125,30
29134,30
29157,30
29178,30
29353,30
29502,30
31469,30
32056,30
32980,30
32998,30
26840,29
26875,29
27019,29
27604,29
27736,29
28017,29
28149,29
28839,29
28852,29
28871,29
28873,29
28912,29
28939,29
29112,29
29122,29
29126,29
29150,29
29314,29
30749,29
31478,29
31704,29
32488,29
32963,29
670,29
923,29
970,29
1046,29
1253,29
2200,29
2381,29
2404,29
2512,29
2918,29
2926,29
2997,29
3029,29
3190,29
3451,29
3965,29
3971,29
4349,29
4354,29
4450,29
6670,29
6675,29
7091,29
7104,29
8219,29
8386,29
10082,29
10342,29
10344,29
10349,29
10773,29
11365,29
11630,29
12106,29
12211,29
12459,29
12630,29
12887,29
12969,29
12985,29
13352,29
14781,29
14786,29
14790,29
14793,29
14795,29
14796,29
14802,29
14805,29
14811,29
14816,29
14818,29
14819,29
14824,29
14830,29
14833,29
14834,29
14836,29
15598,29
16456,29
16461,29
16463,29
16466,29
16492,29
16584,29
17111,29
17304,29
17873,29
18272,29
19087,29
19552,29
19581,29
19912,29
20453,29
20527,29
21959,29
22467,29
23344,29
24324,29
24344,29
24660,29
25199,29
26281,29
26306,29
26572,29
26595,29
931,28
1111,28
1113,28
1158,28
2010,28
2213,28
2227,28
2255,28
2436,28
2968,28
3060,28
3137,28
3153,28
3178,28
3180,28
3406,28
3436,28
3444,28
3453,28
3460,28
3967,28
4215,28
4380,28
4394,28
5688,28
6689,28
7107,28
7204,28
7637,28
7822,28
7846,28
8650,28
8653,28
8655,28
9049,28
9085,28
9088,28
11386,28
11649,28
12095,28
12116,28
12135,28
12145,28
12168,28
12174,28
14778,28
14783,28
14809,28
14837,28
14925,28
14959,28
15296,28
16284,28
16446,28
16457,28
16729,28
17013,28
17712,28
17994,28
18079,28
18612,28
18964,28
19416,28
19567,28
20198,28
22647,28
23079,28
23348,28
23885,28
24630,28
24639,28
26316,28
26474,28
26585,28
26610,28
26847,28
27069,28
27518,28
27754,28
28094,28
28129,28
28173,28
28837,28
29075,28
29087,28
29127,28
29142,28
31136,28
31708,28
32052,28
32515,28
32981,28
32991,28
26616,27
26861,27
26925,27
27053,27
27596,27
27741,27
27760,27
27767,27
27785,27
28063,27
28087,27
28103,27
28121,27
28835,27
29001,27
29246,27
29646,27
29674,27
32448,27
32497,27
32960,27
32968,27
32982,27
32987,27
634,27
1050,27
1103,27
1107,27
1412,27
1632,27
2077,27
2085,27
2091,27
2179,27
2181,27
2189,27
2214,27
2534,27
3036,27
3418,27
3441,27
3632,27
3846,27
3934,27
3949,27
4108,27
4130,27
4335,27
4360,27
4382,27
4390,27
4391,27
4439,27
4469,27
5674,27
6196,27
6233,27
7092,27
7173,27
7177,27
7670,27
7844,27
7851,27
8660,27
9036,27
9115,27
9116,27
10333,27
10340,27
10341,27
11224,27
11992,27
12197,27
12312,27
12444,27
12467,27
12504,27
13175,27
14812,27
14813,27
14820,27
15812,27
16574,27
16694,27
16717,27
17292,27
17299,27
17342,27
17713,27
18005,27
18498,27
18951,27
18961,27
18983,27
18995,27
19385,27
19678,27
21323,27
23188,27
23901,27
24335,27
24366,27
24718,27
25331,27
26307,27
26337,27
26573,27
26581,27
26591,27
619,26
635,26
1105,26
1109,26
1112,26
1117,26
1624,26
1936,26
2201,26
2240,26
2398,26
2412,26
2508,26
2856,26
3342,26
3410,26
3429,26
3430,26
3939,26
3950,26
3990,26
4357,26
4428,26
5681,26
5683,26
6099,26
6590,26
7206,26
7613,26
7681,26
7848,26
8691,26
8693,26
8707,26
9235,26
9264,26
10074,26
11072,26
11419,26
12118,26
12134,26
12317,26
12453,26
12599,26
12973,26
13884,26
14487,26
14957,26
15153,26
15196,26
15305,26
15689,26
16595,26
17014,26
17289,26
17307,26
17697,26
17742,26
17816,26
17977,26
17997,26
18053,26
18986,26
19062,26
19712,26
19920,26
20234,26
20490,26
20526,26
20529,26
20535,26
20545,26
20547,26
22468,26
23029,26
23041,26
23288,26
23558,26
23858,26
23896,26
24367,26
24693,26
24724,26
24732,26
25039,26
25089,26
26285,26
26565,26
26588,26
26598,26
26869,26
27267,26
27677,26
27687,26
27689,26
27692,26
27708,26
27723,26
27724,26
27728,26
27732,26
27735,26
27738,26
27743,26
27764,26
27770,26
27772,26
27778,26
27780,26
28015,26
28082,26
28114,26
28138,26
28140,26
28847,26
28878,26
28935,26
29083,26
29129,26
29501,26
29525,26
29546,26
30373,26
30820,26
30828,26
30894,26
31518,26
32042,26
32049,26
32475,26
32476,26
32486,26
32586,26
32977,26
32995,26
26607,25
26613,25
27716,25
27720,25
27727,25
27752,25
27766,25
27775,25
27782,25
28048,25
28080,25
28092,25
28142,25
29082,25
29260,25
29439,25
30551,25
30892,25
32460,25
32467,25
32489,25
32923,25
32928,25
32957,25
32996,25
33065,25
33088,25
615,25
625,25
628,25
893,25
948,25
1076,25
1114,25
1122,25
1124,25
1150,25
2093,25
2178,25
2202,25
2204,25
2208,25
2220,25
2402,25
2406,25
2431,25
2497,25
2529,25
2840,25
2896,25
3432,25
3445,25
3457,25
3592,25
3627,25
3962,25
3963,25
3972,25
4346,25
4361,25
4376,25
4466,25
4497,25
7098,25
7130,25
7131,25
7144,25
7549,25
7602,25
7811,25
7825,25
8654,25
8669,25
9253,25
11167,25
11654,25
11674,25
12076,25
12290,25
12991,25
13173,25
13818,25
15707,25
16682,25
17005,25
17011,25
17286,25
17340,25
17703,25
18000,25
18548,25
18968,25
19363,25
19915,25
20188,25
20205,25
20208,25
20459,25
20475,25
20512,25
20822,25
21326,25
23222,25
23531,25
23559,25
23839,25
23890,25
24312,25
24337,25
24352,25
24364,25
24370,25
25763,25
640,24
647,24
650,24
1131,24
1620,24
1637,24
1852,24
2099,24
2515,24
2851,24
2853,24
2857,24
2871,24
2886,24
3011,24
3421,24
3427,24
3602,24
3637,24
3957,24
4352,24
4392,24
4407,24
4480,24
4509,24
6573,24
7178,24
7180,24
7184,24
7200,24
7212,24
7673,24
7800,24
7828,24
8680,24
9046,24
9048,24
9103,24
9214,24
9226,24
9236,24
10798,24
11417,24
11625,24
12085,24
12100,24
12305,24
12450,24
13793,24
13824,24
14459,24
15194,24
15815,24
16219,24
16255,24
16296,24
17275,24
17328,24
17355,24
17358,24
17496,24
18530,24
18549,24
18599,24
18606,24
18946,24
18958,24
18975,24
19064,24
20258,24
20272,24
20278,24
20524,24
21081,24
21319,24
21389,24
23177,24
23179,24
23540,24
23837,24
23846,24
24249,24
24327,24
24650,24
24692,24
24727,24
24730,24
25068,24
25115,24
25195,24
25223,24
26218,24
26486,24
26563,24
26564,24
26597,24
27033,24
27545,24
27622,24
27686,24
27712,24
27779,24
28031,24
28042,24
28054,24
28070,24
28096,24
28150,24
28584,24
28913,24
29294,24
29335,24
29341,24
29539,24
29654,24
31657,24
32911,24
28055,23
28133,23
28867,23
28877,23
28885,23
29273,23
29306,23
29338,23
29444,23
29527,23
29551,23
29556,23
29562,23
29634,23
29724,23
29734,23
31775,23
32440,23
32447,23
32465,23
32478,23
32629,23
32886,23
622,23
623,23
661,23
662,23
667,23
668,23
1120,23
1147,23
1617,23
1922,23
1949,23
2172,23
2205,23
2211,23
2496,23
2502,23
2503,23
2548,23
2876,23
2938,23
3039,23
3438,23
3449,23
3611,23
3937,23
3947,23
3954,23
3975,23
3978,23
4331,23
4355,23
4377,23
4471,23
4498,23
4824,23
5684,23
6685,23
6687,23
7211,23
7214,23
7536,23
7568,23
7571,23
7633,23
7642,23
7653,23
7659,23
7706,23
7815,23
7843,23
7882,23
8068,23
8709,23
9251,23
9266,23
10788,23
11069,23
11987,23
12024,23
12137,23
12138,23
12139,23
12483,23
13811,23
13813,23
14551,23
15164,23
15212,23
15524,23
15638,23
15683,23
15695,23
15697,23
15701,23
15793,23
15799,23
15806,23
16553,23
16701,23
18942,23
18949,23
18959,23
18960,23
18965,23
18984,23
18991,23
19357,23
19398,23
20293,23
20677,23
21317,23
22021,23
24339,23
24351,23
24357,23
24375,23
24655,23
25084,23
25329,23
26569,23
659,22
1090,22
1118,22
1123,22
1125,22
1622,22
1629,22
1924,22
1934,22
1952,22
2173,22
2177,22
2209,22
2524,22
2831,22
2852,22
3452,22
3623,22
3837,22
3842,22
3845,22
3960,22
3980,22
3984,22
3989,22
4032,22
4233,22
4374,22
4375,22
4421,22
4437,22
4441,22
4459,22
7189,22
7223,22
7599,22
7885,22
7891,22
7938,22
8632,22
8667,22
8688,22
9227,22
9242,22
9260,22
10295,22
10790,22
11192,22
11378,22
11636,22
12011,22
12298,22
12474,22
12481,22
12805,22
14523,22
14543,22
15154,22
15195,22
15211,22
15608,22
15620,22
15642,22
15679,22
15791,22
15798,22
15804,22
15811,22
17281,22
17290,22
17298,22
17306,22
17699,22
17734,22
18088,22
18242,22
18501,22
19050,22
19697,22
19707,22
20496,22
20498,22
20893,22
22499,22
23841,22
23862,22
24353,22
24358,22
24627,22
24635,22
24670,22
25683,22
26570,22
27296,22
27597,22
28076,22
28144,22
28929,22
29276,22
29288,22
29450,22
29602,22
29643,22
29645,22
29675,22
29690,22
31131,22
31682,22
32510,22
32591,22
33072,22
33075,22
28072,21
28081,21
28093,21
28104,21
28163,21
28170,21
28865,21
28889,21
29107,21
29317,21
29348,21
29435,21
29442,21
29523,21
29532,21
29566,21
29585,21
29593,21
29648,21
29702,21
29704,21
29708,21
29714,21
29736,21
29809,21
29811,21
29828,21
29832,21
31322,21
31728,21
31778,21
31782,21
32466,21
32487,21
33113,21
630,21
646,21
1106,21
1116,21
1149,21
1916,21
2225,21
2521,21
2542,21
2833,21
2866,21
2884,21
3403,21
3414,21
3593,21
3599,21
3609,21
3642,21
3840,21
3952,21
3959,21
4219,21
4238,21
4367,21
4409,21
4454,21
4472,21
4855,21
6501,21
6504,21
6620,21
6628,21
6664,21
7187,21
7482,21
7484,21
7487,21
7490,21
7526,21
7611,21
8019,21
8076,21
8223,21
9037,21
9079,21
9210,21
9239,21
11640,21
12014,21
12026,21
12466,21
12477,21
12774,21
14917,21
14919,21
15169,21
15197,21
15298,21
15737,21
15756,21
15801,21
16232,21
16690,21
17287,21
17303,21
17324,21
17836,21
18258,21
18521,21
18954,21
20467,21
20483,21
21309,21
22493,21
22650,21
23108,21
23192,21
23264,21
23591,21
23860,21
24326,21
24341,21
24642,21
24653,21
24680,21
24717,21
24998,21
25083,21
25265,21
25334,21
25336,21
644,20
645,20
1134,20
1452,20
1804,20
1937,20
1939,20
2075,20
2183,20
2185,20
2229,20
2516,20
2527,20
2536,20
2538,20
2829,20
2832,20
2850,20
2870,20
3415,20
3437,20
3587,20
3597,20
3600,20
3639,20
3838,20
3843,20
3852,20
3969,20
3982,20
3986,20
4031,20
4033,20
4088,20
4372,20
4384,20
4457,20
4479,20
4483,20
4815,20
6566,20
6656,20
6679,20
6815,20
7197,20
7488,20
7505,20
7646,20
7869,20
7989,20
8123,20
8973,20
9230,20
9252,20
9255,20
11967,20
12114,20
12132,20
12447,20
12494,20
12548,20
12584,20
12881,20
14466,20
14496,20
15155,20
15206,20
15672,20
16163,20
16223,20
16241,20
17288,20
17293,20
17825,20
18044,20
18048,20
18274,20
18941,20
18971,20
18998,20
19094,20
19095,20
19097,20
20385,20
20859,20
21910,20
22065,20
23230,20
23302,20
23626,20
23645,20
24309,20
24628,20
24637,20
24976,20
25075,20
25098,20
25190,20
25207,20
26824,20
27603,20
28101,20
28119,20
29256,20
29313,20
29334,20
29337,20
29510,20
29563,20
29612,20
29638,20
29686,20
29696,20
29705,20
29721,20
29732,20
29738,20
29844,20
29861,20
29867,20
30391,20
31468,20
32463,20
32588,20
32896,20
33115,20
27263,19
28046,19
28091,19
29302,19
29320,19
29342,19
29343,19
29351,19
29560,19
29565,19
29581,19
29649,19
29651,19
29658,19
29698,19
29706,19
29707,19
29709,19
29717,19
29723,19
29731,19
29739,19
29831,19
29833,19
29837,19
29862,19
29869,19
30255,19
30896,19
32918,19
651,19
910,19
1154,19
1429,19
1635,19
1899,19
1925,19
1930,19
1941,19
2495,19
2541,19
2545,19
2553,19
2839,19
2845,19
2867,19
3321,19
3408,19
3595,19
3620,19
3839,19
3860,19
3961,19
3993,19
4030,19
4045,19
4387,19
4411,19
4426,19
4433,19
4443,19
4464,19
4487,19
4489,19
4819,19
4842,19
4848,19
5679,19
6497,19
6500,19
6629,19
6631,19
6644,19
6678,19
7176,19
7188,19
7209,19
7224,19
7504,19
7525,19
7887,19
7945,19
8457,19
8776,19
9034,19
9039,19
9042,19
9231,19
9307,19
11063,19
11638,19
11660,19
11670,19
12131,19
12284,19
12480,19
12533,19
12606,19
13796,19
15199,19
15276,19
15594,19
15621,19
15763,19
16191,19
16556,19
17330,19
17337,19
17361,19
18069,19
18940,19
18987,19
18999,19
20671,19
21656,19
21968,19
23225,19
23234,19
23239,19
23631,19
23633,19
23878,19
24313,19
24318,19
24662,19
24669,19
25034,19
26483,19
889,18
1615,18
1948,18
2083,18
2498,18
2500,18
2543,18
2846,18
2881,18
3035,18
3417,18
3420,18
3423,18
3447,18
3613,18
3942,18
3948,18
4234,18
4364,18
4413,18
4435,18
4456,18
4482,18
4496,18
4817,18
4841,18
4867,18
5673,18
6574,18
6577,18
6621,18
6655,18
6795,18
7192,18
7194,18
7215,18
7218,18
7479,18
7481,18
7489,18
7509,18
7582,18
7669,18
7858,18
7880,18
8492,18
8668,18
8695,18
8985,18
9261,18
10757,18
10762,18
10781,18
11039,18
11047,18
11166,18
11221,18
11642,18
11665,18
12470,18
12486,18
12566,18
12577,18
12578,18
12885,18
12891,18
13144,18
15289,18
15603,18
15611,18
15636,18
15646,18
16202,18
16248,18
16577,18
16640,18
17362,18
17688,18
17995,18
18080,18
18086,18
18973,18
18982,18
18989,18
19047,18
19099,18
20577,18
20582,18
20598,18
20681,18
20820,18
21866,18
22077,18
23069,18
23223,18
23838,18
24319,18
24392,18
24633,18
24658,18
24739,18
24994,18
25015,18
25050,18
26482,18
27288,18
27608,18
28034,18
28058,18
28083,18
28097,18
28855,18
29454,18
29490,18
29511,18
29561,18
29594,18
29626,18
29713,18
29722,18
29725,18
29735,18
29745,18
29746,18
29820,18
29822,18
29823,18
29841,18
29854,18
30866,18
32498,18
32912,18
32947,18
26862,17
27025,17
27257,17
28123,17
29261,17
29275,17
29289,17
29323,17
29347,17
29503,17
29582,17
29606,17
29647,17
29671,17
29678,17
29743,17
29815,17
29821,17
29824,17
29840,17
29848,17
29850,17
29857,17
29859,17
29868,17
30824,17
30865,17
30893,17
31472,17
31784,17
31785,17
32485,17
32501,17
32547,17
32879,17
32890,17
32906,17
32994,17
33020,17
33061,17
33069,17
33116,17
620,17
663,17
829,17
840,17
886,17
905,17
1610,17
1614,17
1911,17
1913,17
1914,17
1928,17
1940,17
2171,17
2231,17
2848,17
3643,17
3859,17
4041,17
4058,17
4061,17
4400,17
4438,17
4440,17
4470,17
4495,17
4816,17
4823,17
4858,17
6579,17
6609,17
6623,17
6633,17
6666,17
6771,17
6780,17
6810,17
6817,17
7179,17
7483,17
7514,17
7516,17
7518,17
7859,17
7905,17
7906,17
8672,17
8811,17
8815,17
8822,17
8831,17
9029,17
9215,17
9250,17
10770,17
10791,17
11171,17
12013,17
12510,17
12523,17
12534,17
12554,17
12574,17
12790,17
12798,17
13149,17
13163,17
14929,17
15200,17
15202,17
15596,17
15615,17
15630,17
15632,17
15704,17
16173,17
16216,17
16226,17
16628,17
17285,17
17308,17
17512,17
17521,17
17851,17
18029,17
18591,17
18985,17
19673,17
19680,17
20555,17
20561,17
20570,17
20573,17
20575,17
20579,17
20581,17
20588,17
20595,17
20601,17
20602,17
20603,17
20605,17
20833,17
21837,17
22835,17
23013,17
23237,17
23587,17
23604,17
23615,17
24636,17
24647,17
24648,17
24672,17
24679,17
24997,17
26470,17
26492,17
184,16
642,16
658,16
669,16
809,16
856,16
860,16
863,16
865,16
879,16
1101,16
1127,16
1143,16
1443,16
1895,16
1898,16
1929,16
1945,16
2186,16
2196,16
2218,16
2494,16
2509,16
2883,16
3300,16
3598,16
3604,16
3607,16
3614,16
3622,16
4205,16
4398,16
4452,16
4866,16
4868,16
4870,16
6421,16
6424,16
6426,16
6571,16
6612,16
6615,16
6665,16
6668,16
6702,16
6777,16
6790,16
6818,16
6826,16
6827,16
7193,16
7216,16
7228,16
7475,16
7494,16
7519,16
7533,16
7901,16
8794,16
9017,16
9032,16
9258,16
10768,16
10794,16
11683,16
11995,16
12003,16
12107,16
12300,16
12625,16
12640,16
15302,16
15589,16
15617,16
15627,16
15711,16
16131,16
16161,16
16171,16
16209,16
16238,16
16290,16
16622,16
17335,16
17343,16
17975,16
17980,16
19077,16
19083,16
19417,16
20554,16
20558,16
20564,16
20565,16
20571,16
20572,16
20576,16
20580,16
20585,16
20600,16
20612,16
20615,16
21949,16
21956,16
22037,16
22066,16
23246,16
23275,16
23620,16
23630,16
23638,16
24316,16
24323,16
24385,16
24438,16
25000,16
25022,16
25219,16
26475,16
26479,16
26927,16
27074,16
27271,16
27562,16
28009,16
28061,16
28068,16
28090,16
28111,16
29279,16
29293,16
29443,16
29494,16
29516,16
29538,16
29611,16
29633,16
29652,16
29665,16
29747,16
29812,16
29864,16
30409,16
31777,16
31786,16
32901,16
32933,16
33117,16
33118,16
26643,15
26673,15
26865,15
27077,15
27280,15
27392,15
27611,15
28011,15
28079,15
28117,15
28858,15
28869,15
29283,15
29299,15
29330,15
29529,15
29530,15
29537,15
29584,15
29601,15
29627,15
29693,15
29777,15
29816,15
29866,15
30382,15
30868,15
31743,15
32480,15
32567,15
32870,15
32882,15
32900,15
32904,15
32921,15
33064,15
33068,15
616,15
648,15
665,15
666,15
843,15
888,15
906,15
1132,15
1138,15
1140,15
1214,15
1604,15
1605,15
1608,15
1902,15
1909,15
1923,15
2175,15
2199,15
2485,15
2525,15
2546,15
2835,15
2837,15
2838,15
2872,15
3122,15
3588,15
3605,15
3636,15
3844,15
3882,15
4049,15
4416,15
4473,15
4830,15
4847,15
4856,15
6422,15
6663,15
6783,15
6784,15
6793,15
6798,15
6983,15
7226,15
7699,15
7778,15
7793,15
7870,15
7879,15
8676,15
8677,15
8828,15
8958,15
9004,15
9209,15
9268,15
9459,15
9508,15
10752,15
10778,15
11189,15
11232,15
12495,15
12496,15
12615,15
12791,15
12832,15
12924,15
13148,15
14530,15
14916,15
15183,15
15345,15
15618,15
15754,15
15764,15
16139,15
16146,15
16166,15
16208,15
16234,15
16283,15
16618,15
16646,15
17352,15
17360,15
17367,15
17381,15
17520,15
17531,15
17546,15
17990,15
18571,15
18579,15
19058,15
20365,15
20563,15
20593,15
20604,15
21313,15
21320,15
21333,15
21653,15
21856,15
21913,15
21925,15
21929,15
21947,15
22038,15
22045,15
23007,15
23233,15
23271,15
23567,15
23569,15
23616,15
23870,15
23897,15
23997,15
24395,15
24400,15
24410,15
24624,15
24973,15
25003,15
25006,15
25040,15
25045,15
25064,15
25073,15
25192,15
25237,15
25968,15
26002,15
796,14
871,14
875,14
885,14
902,14
907,14
914,14
1800,14
1892,14
1903,14
1904,14
1942,14
2517,14
2520,14
2540,14
2834,14
2844,14
2962,14
3589,14
3883,14
3897,14
4039,14
4075,14
4104,14
4415,14
4436,14
4462,14
4490,14
5671,14
5676,14
6587,14
6589,14
6646,14
6650,14
6700,14
6769,14
6797,14
6806,14
6975,14
7001,14
7186,14
7202,14
7485,14
7491,14
7521,14
7596,14
7785,14
7788,14
7881,14
7912,14
7913,14
7915,14
8697,14
8966,14
9006,14
9019,14
9218,14
9457,14
10268,14
10299,14
10785,14
11186,14
11214,14
12283,14
12293,14
12489,14
12571,14
12572,14
12576,14
12589,14
12637,14
12786,14
12797,14
12897,14
12926,14
15601,14
15635,14
15718,14
15719,14
15724,14
15765,14
16560,14
16576,14
16590,14
16631,14
17125,14
17282,14
17368,14
17519,14
17545,14
17558,14
17719,14
17721,14
18572,14
18586,14
19418,14
19715,14
19721,14
20251,14
21301,14
21305,14
21995,14
22049,14
23256,14
23289,14
23603,14
24308,14
24388,14
24415,14
24666,14
24982,14
25010,14
25020,14
25637,14
25993,14
26016,14
26018,14
26462,14
26473,14
26827,14
27073,14
27088,14
27292,14
27340,14
27344,14
27361,14
27942,14
28036,14
29519,14
29531,14
29533,14
29545,14
29598,14
29616,14
29682,14
29863,14
30804,14
30854,14
30895,14
31144,14
31510,14
32464,14
32907,14
32909,14
33078,14
33103,14
33109,14
26820,13
27078,13
27100,13
27350,13
27389,13
28176,13
28864,13
29301,13
29436,13
29504,13
29591,13
29614,13
29664,13
30867,13
31491,13
32894,13
33080,13
33120,13
797,13
801,13
818,13
830,13
835,13
849,13
850,13
1943,13
2862,13
3625,13
3910,13
4036,13
4052,13
4094,13
4402,13
4486,13
4494,13
4820,13
4860,13
6568,13
6600,13
6602,13
6619,13
6635,13
6642,13
6698,13
6773,13
6809,13
6813,13
6816,13
6840,13
6968,13
6981,13
6995,13
7002,13
7009,13
7016,13
7025,13
7478,13
7501,13
7520,13
7861,13
7876,13
7916,13
8806,13
8807,13
8809,13
8814,13
8820,13
8960,13
8977,13
8980,13
8983,13
9003,13
9020,13
9267,13
9472,13
10112,13
10250,13
10753,13
10799,13
11055,13
12023,13
12028,13
12319,13
12473,13
12852,13
12869,13
15157,13
15217,13
15591,13
15606,13
15734,13
15762,13
16128,13
16137,13
16144,13
16176,13
16217,13
16250,13
16549,13
16634,13
16637,13
16648,13
16656,13
16658,13
16668,13
17089,13
17393,13
17536,13
18514,13
18565,13
19393,13
19951,13
20618,13
20668,13
20868,13
21865,13
21874,13
22087,13
23585,13
23623,13
23637,13
23874,13
23888,13
23894,13
24347,13
24421,13
25012,13
25019,13
26004,13
26015,13
26469,13
672,12
816,12
819,12
834,12
837,12
838,12
841,12
851,12
855,12
866,12
3216,12
3621,12
3638,12
3880,12
3904,12
3924,12
4024,12
4055,12
4077,12
4085,12
4089,12
4096,12
4204,12
4854,12
6137,12
6626,12
6648,12
6786,12
6792,12
6823,12
6984,12
6996,12
6997,12
7020,12
7507,12
7780,12
7783,12
7863,12
7866,12
7871,12
8517,12
8749,12
8772,12
8787,12
8788,12
9217,12
9237,12
9262,12
9471,12
9480,12
9986,12
10122,12
10135,12
10190,12
10800,12
11062,12
11163,12
11364,12
11646,12
11983,12
11993,12
12296,12
12575,12
13777,12
13891,12
13941,12
14930,12
15082,12
15176,12
15221,12
15643,12
15720,12
15725,12
15728,12
16143,12
16197,12
16224,12
16227,12
16233,12
16256,12
16318,12
16320,12
16325,12
16335,12
16352,12
16354,12
16371,12
16377,12
16383,12
16657,12
16660,12
16667,12
17348,12
17351,12
17527,12
17863,12
17868,12
18359,12
18365,12
18383,12
18425,12
18459,12
18469,12
18477,12
18483,12
18484,12
18676,12
18684,12
19330,12
19340,12
19586,12
19602,12
19696,12
20629,12
20831,12
21329,12
21371,12
21649,12
21970,12
22300,12
22370,12
22873,12
23241,12
23308,12
23313,12
23605,12
23852,12
23859,12
23861,12
23867,12
23999,12
24293,12
24297,12
24298,12
24393,12
24409,12
24556,12
24712,12
24979,12
24989,12
25017,12
25018,12
25499,12
25974,12
25981,12
26049,12
26095,12
26637,12
26642,12
26854,12
26856,12
26879,12
26885,12
27143,12
27152,12
27163,12
27262,12
27290,12
27852,12
27871,12
27893,12
28020,12
28022,12
28026,12
28136,12
28487,12
28491,12
28843,12
29567,12
29607,12
29669,12
29733,12
30848,12
30859,12
30886,12
31102,12
31133,12
31479,12
31520,12
31545,12
31573,12
31602,12
31605,12
31618,12
31628,12
31635,12
31744,12
31750,12
31757,12
31770,12
31900,12
32370,12
32442,12
32539,12
32634,12
32767,12
32796,12
32925,12
32931,12
32962,12
33030,12
33032,12
33067,12
33089,12
33095,12
26630,11
26632,11
26662,11
26678,11
27145,11
27149,11
27154,11
27158,11
27160,11
27161,11
27172,11
27270,11
27303,11
27836,11
28019,11
28027,11
28028,11
28044,11
28056,11
28088,11
28146,11
28177,11
28188,11
28257,11
28282,11
28317,11
28340,11
28506,11
28859,11
29286,11
29296,11
29477,11
30444,11
30514,11
30521,11
30880,11
31118,11
31576,11
31589,11
31601,11
31603,11
31741,11
31754,11
31759,11
32540,11
32761,11
32793,11
32948,11
32975,11
32999,11
33044,11
695,11
709,11
713,11
718,11
737,11
770,11
771,11
781,11
786,11
808,11
870,11
878,11
894,11
904,11
912,11
2751,11
3196,11
3198,11
3217,11
3885,11
3915,11
3931,11
4025,11
4027,11
4038,11
4048,11
4065,11
4071,11
4074,11
4092,11
4105,11
4405,11
4412,11
4420,11
4446,11
4829,11
4851,11
4875,11
4888,11
4897,11
5731,11
6124,11
6583,11
6594,11
6603,11
6613,11
6617,11
6641,11
6770,11
6774,11
6781,11
6785,11
6805,11
6974,11
6980,11
7015,11
7028,11
7287,11
7477,11
7530,11
7795,11
7862,11
7867,11
7884,11
7894,11
7899,11
7903,11
8714,11
8720,11
8752,11
8791,11
8793,11
8961,11
8965,11
8969,11
8988,11
8992,11
8995,11
9027,11
9233,11
9246,11
9265,11
9512,11
9678,11
10148,11
10193,11
10201,11
10213,11
10260,11
10772,11
10820,11
11973,11
11975,11
11978,11
11994,11
12009,11
12032,11
12113,11
12299,11
12829,11
13145,11
13763,11
13910,11
13924,11
15033,11
15041,11
15060,11
15074,11
15080,11
15129,11
15131,11
15143,11
15209,11
15228,11
15255,11
15293,11
15721,11
15746,11
15912,11
15953,11
15992,11
16126,11
16148,11
16168,11
16177,11
16244,11
16313,11
16324,11
16330,11
16342,11
16346,11
16379,11
16566,11
16612,11
16630,11
16633,11
17145,11
17166,11
17206,11
17255,11
17295,11
18277,11
18296,11
18348,11
18357,11
18430,11
18435,11
18436,11
18438,11
18452,11
18466,11
18474,11
18481,11
18723,11
18752,11
18801,11
19177,11
19995,11
20024,11
20847,11
21295,11
21364,11
21610,11
21611,11
21646,11
21859,11
21864,11
21873,11
21875,11
22054,11
22317,11
22372,11
23047,11
23087,11
23194,11
23322,11
23879,11
24296,11
24346,11
24372,11
24418,11
24428,11
24430,11
24433,11
24533,11
24674,11
25014,11
25043,11
25483,11
25489,11
25999,11
26117,11
26127,11
726,10
793,10
795,10
800,10
811,10
828,10
861,10
895,10
897,10
903,10
1430,10
1855,10
2704,10
2708,10
2731,10
2747,10
3872,10
3896,10
3905,10
3911,10
3914,10
3921,10
4008,10
4020,10
4098,10
4107,10
4423,10
4821,10
4822,10
4827,10
4843,10
4849,10
4903,10
4927,10
4929,10
5732,10
5749,10
5750,10
5792,10
5800,10
5817,10
5829,10
5830,10
5831,10
5850,10
6118,10
6580,10
6581,10
6651,10
6652,10
6987,10
6991,10
6992,10
7014,10
7017,10
7026,10
7523,10
7904,10
7908,10
8174,10
8542,10
8734,10
8763,10
8784,10
8812,10
8821,10
8970,10
8986,10
8987,10
8990,10
9012,10
9013,10
9024,10
9469,10
9482,10
9483,10
9501,10
9662,10
9683,10
9685,10
10040,10
10157,10
10172,10
10202,10
10211,10
10212,10
10231,10
10263,10
10286,10
10297,10
10304,10
12492,10
12846,10
13756,10
13800,10
13987,10
15055,10
15063,10
15077,10
15120,10
15124,10
15173,10
15266,10
15273,10
15647,10
15732,10
15758,10
15768,10
15946,10
15974,10
15985,10
15995,10
16159,10
16164,10
16174,10
16213,10
16245,10
16291,10
16334,10
16359,10
16361,10
16387,10
16393,10
16399,10
16624,10
16644,10
17107,10
17161,10
17202,10
17213,10
17236,10
17278,10
17346,10
17350,10
17387,10
17389,10
17459,10
17463,10
17478,10
17554,10
17556,10
17829,10
17837,10
17850,10
18301,10
18312,10
18387,10
18388,10
18433,10
18441,10
18444,10
18467,10
18485,10
18652,10
18699,10
18736,10
18755,10
18814,10
18866,10
19090,10
19101,10
19107,10
19147,10
19205,10
19335,10
19351,10
19587,10
19599,10
19627,10
20367,10
20616,10
20633,10
20678,10
20867,10
21860,10
21863,10
21868,10
21870,10
21877,10
21878,10
21926,10
22052,10
22057,10
22367,10
22828,10
23037,10
23119,10
23202,10
23231,10
23561,10
23578,10
23832,10
24307,10
24350,10
24355,10
24365,10
24373,10
24381,10
24396,10
24398,10
24405,10
24422,10
24424,10
24478,10
24541,10
24550,10
24625,10
24640,10
24661,10
24676,10
25444,10
25471,10
25474,10
25966,10
25986,10
26001,10
26020,10
26055,10
26111,10
26113,10
26155,10
26434,10
26466,10
27124,10
27146,10
27148,10
27155,10
27157,10
27165,10
27180,10
27345,10
27362,10
27364,10
27379,10
27938,10
28254,10
28309,10
28474,10
28495,10
28520,10
28521,10
29231,10
29270,10
29484,10
29507,10
29524,10
29558,10
29577,10
29609,10
29656,10
29759,10
30392,10
30883,10
31103,10
31474,10
31688,10
31727,10
31745,10
32323,10
32511,10
32625,10
32638,10
32876,10
32881,10
32978,10
32983,10
33035,10
33071,10
33100,10
33105,10
27055,9
27151,9
27171,9
27174,9
27281,9
27282,9
27334,9
27353,9
27376,9
27383,9
27558,9
28006,9
28084,9
28089,9
28131,9
28148,9
28200,9
28262,9
28324,9
28351,9
28355,9
28517,9
28836,9
28861,9
28868,9
29257,9
29263,9
29295,9
29640,9
29774,9
30845,9
30846,9
30852,9
31154,9
31399,9
31538,9
31610,9
31738,9
31835,9
32514,9
32883,9
32913,9
33028,9
33036,9
33108,9
724,9
774,9
787,9
798,9
821,9
823,9
862,9
899,9
2079,9
2726,9
3898,9
3906,9
4006,9
4019,9
4026,9
4057,9
4064,9
4072,9
4086,9
4199,9
4840,9
4871,9
4877,9
4919,9
4932,9
5754,9
5762,9
5766,9
5810,9
5833,9
5837,9
5848,9
6120,9
6156,9
6172,9
6596,9
6601,9
6667,9
6691,9
6814,9
6978,9
6986,9
6993,9
7003,9
7010,9
7022,9
7230,9
7234,9
7235,9
7274,9
7779,9
8456,9
8735,9
8738,9
8740,9
8755,9
8782,9
8796,9
8797,9
8813,9
8829,9
9496,9
9504,9
9637,9
9677,9
9959,9
9997,9
10111,9
10134,9
10139,9
10143,9
10147,9
10149,9
10161,9
10180,9
10184,9
10209,9
10222,9
10255,9
10256,9
10266,9
10278,9
10764,9
10935,9
11165,9
11822,9
11997,9
12017,9
12029,9
12285,9
12500,9
12845,9
12938,9
13889,9
13962,9
13985,9
15036,9
15045,9
15046,9
15092,9
15115,9
15147,9
15177,9
15181,9
15220,9
15238,9
15239,9
15242,9
15262,9
15747,9
15753,9
15876,9
15914,9
15923,9
15941,9
15944,9
15956,9
15969,9
16125,9
16151,9
16235,9
16338,9
16367,9
16401,9
16639,9
16655,9
16685,9
17136,9
17157,9
17186,9
17212,9
17233,9
17245,9
17300,9
17301,9
17312,9
17317,9
17509,9
17551,9
17740,9
18197,9
18217,9
18286,9
18356,9
18368,9
18476,9
18660,9
18671,9
18688,9
18716,9
18721,9
18722,9
18747,9
18766,9
18774,9
18796,9
18800,9
18857,9
18859,9
19203,9
19292,9
19293,9
19314,9
19365,9
19731,9
20171,9
20624,9
20813,9
20861,9
20894,9
20931,9
21336,9
21857,9
21858,9
21871,9
22032,9
22060,9
22067,9
22085,9
22303,9
22325,9
22401,9
22638,9
23205,9
23214,9
23636,9
23856,9
24463,9
24491,9
24514,9
24529,9
24560,9
24665,9
24710,9
24969,9
24993,9
25082,9
25448,9
25454,9
25490,9
25985,9
25989,9
26042,9
26051,9
26070,9
26071,9
26085,9
26110,9
26148,9
26425,9
711,8
712,8
780,8
806,8
824,8
842,8
852,8
2723,8
2746,8
2752,8
2753,8
3849,8
3875,8
3879,8
3900,8
3930,8
3932,8
4063,8
4083,8
4322,8
4880,8
4886,8
4890,8
4923,8
5741,8
5752,8
5767,8
5783,8
5798,8
5808,8
5821,8
5826,8
5827,8
6117,8
6134,8
6159,8
6593,8
6697,8
7240,8
7244,8
8421,8
8765,8
8766,8
8773,8
8786,8
8833,8
9014,8
9476,8
9477,8
9484,8
9486,8
9494,8
9964,8
9969,8
9977,8
9984,8
10030,8
10056,8
10125,8
10154,8
10164,8
10170,8
10181,8
10224,8
10251,8
10267,8
10290,8
10755,8
10760,8
10812,8
10814,8
11042,8
11363,8
12445,8
12464,8
12498,8
13964,8
14527,8
15040,8
15044,8
15058,8
15070,8
15089,8
15091,8
15127,8
15133,8
15158,8
15166,8
15170,8
15219,8
15237,8
15258,8
15623,8
15741,8
15770,8
15894,8
15904,8
15905,8
15932,8
15967,8
16145,8
16179,8
16237,8
16632,8
17149,8
17170,8
17205,8
17222,8
17347,8
17552,8
17561,8
17573,8
17856,8
17870,8
18112,8
18132,8
18145,8
18149,8
18167,8
18219,8
18310,8
18331,8
18636,8
18707,8
18762,8
18775,8
18778,8
19044,8
19059,8
19141,8
19151,8
19200,8
19291,8
19345,8
19361,8
19624,8
19633,8
19637,8
19643,8
20164,8
20176,8
20617,8
20846,8
21058,8
21214,8
21597,8
21606,8
21655,8
21862,8
21869,8
21872,8
22284,8
22285,8
22332,8
22341,8
22346,8
22352,8
22361,8
22362,8
22375,8
22399,8
22498,8
22819,8
23071,8
23206,8
23321,8
23601,8
23629,8
24003,8
24332,8
24389,8
24427,8
24437,8
24487,8
24503,8
24517,8
24524,8
24531,8
24651,8
24980,8
25033,8
25092,8
25460,8
25477,8
25994,8
25997,8
26076,8
26093,8
26137,8
26292,8
26363,8
26373,8
26621,8
26629,8
27140,8
27175,8
27178,8
27181,8
27182,8
27347,8
27363,8
27369,8
27372,8
27567,8
28066,8
28099,8
28110,8
28310,8
28469,8
28479,8
28492,8
28498,8
28883,8
28884,8
29250,8
29262,8
29287,8
29310,8
29446,8
29448,8
29518,8
29541,8
29550,8
29568,8
29644,8
29782,8
29808,8
30401,8
30428,8
30841,8
30843,8
31308,8
31343,8
31553,8
31569,8
31580,8
31588,8
31735,8
31742,8
31752,8
31753,8
31791,8
31845,8
31846,8
32320,8
32324,8
32332,8
32359,8
32375,8
32614,8
32884,8
32920,8
33011,8
33016,8
33026,8
26625,7
26633,7
26657,7
26663,7
27166,7
27177,7
27342,7
27355,7
28013,7
28016,7
28051,7
28075,7
28100,7
28221,7
28270,7
28342,7
28347,7
28356,7
28468,7
28505,7
28523,7
28578,7
29197,7
29207,7
29307,7
29309,7
29319,7
29433,7
29540,7
29573,7
29639,7
29663,7
30559,7
30847,7
30857,7
30987,7
31410,7
31658,7
31797,7
31799,7
31800,7
31814,7
31821,7
31881,7
31904,7
32337,7
32338,7
32342,7
32346,7
32350,7
32371,7
32492,7
32494,7
32512,7
32624,7
32640,7
32874,7
33001,7
33005,7
33013,7
33039,7
33060,7
33073,7
33114,7
685,7
702,7
735,7
754,7
1478,7
1803,7
1819,7
2564,7
2705,7
2732,7
2743,7
2748,7
2754,7
2757,7
3191,7
3193,7
3208,7
3209,7
3210,7
3213,7
3877,7
3891,7
3895,7
3907,7
3926,7
4009,7
4010,7
4012,7
4013,7
4060,7
4078,7
4079,7
4103,7
4879,7
4889,7
4891,7
4905,7
4931,7
4936,7
5756,7
5780,7
5814,7
6132,7
6139,7
6142,7
6604,7
7021,7
7248,7
7258,7
7260,7
8712,7
8733,7
8739,7
8748,7
8817,7
8897,7
8957,7
8976,7
8978,7
8994,7
9001,7
9452,7
9493,7
9641,7
9664,7
9667,7
9691,7
9949,7
9973,7
10004,7
10013,7
10043,7
10163,7
10177,7
10257,7
10300,7
10750,7
10826,7
10967,7
10975,7
10991,7
11025,7
11823,7
11824,7
11825,7
11826,7
12446,7
12460,7
12905,7
13618,7
13778,7
13895,7
13936,7
13960,7
13977,7
13989,7
13990,7
14467,7
15071,7
15119,7
15175,7
15268,7
15599,7
15610,7
15726,7
15739,7
15757,7
15879,7
15921,7
15948,7
15957,7
16079,7
16121,7
16211,7
16236,7
16282,7
16305,7
16647,7
17147,7
17160,7
17208,7
17220,7
17243,7
17310,7
17508,7
17596,7
17670,7
17676,7
18111,7
18117,7
18127,7
18140,7
18325,7
18392,7
18427,7
18635,7
18654,7
18659,7
18677,7
18681,7
18683,7
18769,7
18784,7
18789,7
18798,7
19145,7
19225,7
19288,7
19299,7
19303,7
19306,7
19323,7
19341,7
19724,7
19836,7
20165,7
20172,7
20174,7
20178,7
20627,7
20637,7
20856,7
21269,7
21299,7
21362,7
21595,7
21604,7
21632,7
21635,7
21645,7
21861,7
21867,7
21876,7
22089,7
22316,7
22326,7
22347,7
22398,7
23103,7
23309,7
24303,7
24391,7
24414,7
24448,7
24972,7
25026,7
25458,7
25480,7
25502,7
26014,7
26066,7
26091,7
26094,7
26096,7
26131,7
26144,7
26374,7
26375,7
26384,7
26441,7
26472,7
768,6
2711,6
2722,6
2738,6
2740,6
2760,6
3195,6
3199,6
3215,6
3901,6
3918,6
3925,6
4201,6
4432,6
4882,6
4887,6
4892,6
4902,6
4906,6
5771,6
6119,6
6146,6
6169,6
7241,6
7246,6
7253,6
7288,6
8163,6
8718,6
8767,6
8779,6
8810,6
8907,6
8963,6
8997,6
9467,6
9470,6
9473,6
9490,6
9498,6
9511,6
9643,6
9644,6
9653,6
9657,6
9668,6
9962,6
9979,6
9981,6
10019,6
10048,6
10254,6
10258,6
10294,6
10302,6
10813,6
10815,6
10818,6
10829,6
10834,6
10836,6
10850,6
10858,6
11828,6
11964,6
12008,6
12304,6
12579,6
12946,6
13579,6
13922,6
13958,6
14007,6
14407,6
15224,6
15233,6
15251,6
15269,6
15604,6
15639,6
15759,6
15886,6
15913,6
15963,6
15973,6
15979,6
15989,6
16004,6
16020,6
16064,6
16087,6
16140,6
16196,6
16231,6
16270,6
16620,6
16625,6
16627,6
16641,6
16643,6
16653,6
16669,6
16704,6
17003,6
17024,6
17177,6
17181,6
17216,6
17369,6
17471,6
17482,6
17532,6
17542,6
17555,6
17634,6
17698,6
18116,6
18154,6
18157,6
18179,6
18180,6
18191,6
18207,6
18213,6
18263,6
18294,6
18330,6
18380,6
18456,6
18651,6
18673,6
18702,6
18739,6
18759,6
18776,6
18783,6
18785,6
18807,6
18810,6
18819,6
18845,6
18884,6
19212,6
19326,6
19339,6
19348,6
19378,6
19528,6
19600,6
19601,6
19641,6
19644,6
19741,6
19754,6
19773,6
19780,6
19792,6
20625,6
20630,6
21294,6
21608,6
21615,6
21626,6
21641,6
21647,6
21650,6
21651,6
21851,6
22008,6
22011,6
22025,6
22051,6
22342,6
22349,6
22382,6
22390,6
22690,6
23019,6
23022,6
23038,6
23099,6
23227,6
23538,6
23863,6
24402,6
24440,6
24507,6
24548,6
24685,6
24743,6
25016,6
25035,6
25445,6
25453,6
25478,6
25486,6
25492,6
25995,6
26008,6
26059,6
26062,6
26090,6
26107,6
26147,6
26368,6
26426,6
26645,6
26650,6
27142,6
27168,6
27169,6
27335,6
27336,6
27365,6
27374,6
27387,6
27574,6
27935,6
28210,6
28213,6
28216,6
28227,6
28301,6
28334,6
28338,6
28494,6
28565,6
29452,6
29543,6
29590,6
29672,6
29685,6
29766,6
30531,6
30832,6
30856,6
30861,6
30995,6
31016,6
31095,6
31120,6
31355,6
31358,6
31423,6
31440,6
31529,6
31583,6
31607,6
31630,6
31640,6
31690,6
31773,6
31804,6
31823,6
31828,6
31832,6
31840,6
32322,6
32347,6
32353,6
32355,6
32458,6
32484,6
32899,6
32910,6
32937,6
33006,6
33008,6
33048,6
33101,6
26624,5
26640,5
26641,5
26649,5
26654,5
26659,5
26667,5
27354,5
27358,5
27368,5
27771,5
28197,5
28259,5
28297,5
28312,5
28322,5
28331,5
28335,5
28341,5
28353,5
28466,5
28476,5
28486,5
29271,5
29499,5
30167,5
30189,5
30261,5
30415,5
30450,5
30541,5
30983,5
31004,5
31011,5
31024,5
31031,5
31052,5
31063,5
31071,5
31311,5
31376,5
31393,5
31422,5
31452,5
31459,5
31665,5
31831,5
31872,5
31880,5
32326,5
32367,5
32374,5
32378,5
32474,5
32538,5
32549,5
32559,5
32562,5
33010,5
33038,5
33057,5
33092,5
33096,5
211,5
697,5
1846,5
2557,5
2561,5
2585,5
2600,5
2617,5
2643,5
2709,5
2715,5
2717,5
2725,5
2745,5
2758,5
3003,5
3022,5
3247,5
4255,5
4878,5
4893,5
4900,5
4912,5
4918,5
4934,5
5799,5
5804,5
6115,5
6135,5
6138,5
6145,5
6152,5
6160,5
6164,5
6166,5
6423,5
7231,5
7233,5
7237,5
7242,5
7245,5
7257,5
7266,5
7278,5
7280,5
7282,5
7285,5
8168,5
8194,5
8602,5
8726,5
8730,5
8770,5
8846,5
8872,5
8928,5
8947,5
9021,5
9466,5
9492,5
9503,5
9639,5
9646,5
9655,5
9687,5
9728,5
9800,5
10002,5
10045,5
10095,5
10246,5
10265,5
10280,5
10287,5
10817,5
10833,5
10838,5
10839,5
10844,5
10857,5
11711,5
11940,5
12303,5
12907,5
13595,5
13612,5
13617,5
13619,5
13624,5
13628,5
13631,5
13640,5
13673,5
13944,5
14002,5
15213,5
15229,5
15263,5
15270,5
15523,5
15616,5
15722,5
15750,5
15900,5
15961,5
16081,5
16155,5
16199,5
16212,5
16242,5
16411,5
17175,5
17189,5
17252,5
17263,5
17539,5
17549,5
17575,5
17636,5
17668,5
18128,5
18129,5
18142,5
18144,5
18159,5
18162,5
18173,5
18200,5
18221,5
18390,5
18454,5
18670,5
18703,5
18704,5
18732,5
18743,5
18746,5
18763,5
18772,5
18781,5
18794,5
18802,5
18812,5
18868,5
18913,5
18923,5
19051,5
19070,5
19117,5
19118,5
19289,5
19324,5
19362,5
19621,5
19635,5
19636,5
19726,5
19736,5
19746,5
19766,5
19799,5
19828,5
19830,5
19899,5
19918,5
20167,5
20298,5
20635,5
21061,5
21084,5
21140,5
21141,5
21230,5
21285,5
21311,5
21339,5
21598,5
21644,5
21853,5
21855,5
21969,5
22014,5
22290,5
22389,5
23062,5
23067,5
23095,5
23212,5
23228,5
23242,5
23597,5
23608,5
23877,5
24384,5
24485,5
24502,5
24536,5
24791,5
24804,5
24806,5
24986,5
24990,5
25027,5
25446,5
25449,5
25468,5
25485,5
25498,5
25651,5
26010,5
26382,5
26451,5
240,4
674,4
728,4
767,4
1798,4
2563,4
2572,4
2575,4
2577,4
2589,4
2590,4
2591,4
2593,4
2618,4
2627,4
2628,4
2636,4
2637,4
2638,4
2644,4
2649,4
2655,4
2658,4
2661,4
2662,4
2671,4
2672,4
2718,4
2720,4
3283,4
4021,4
4914,4
4920,4
5755,4
5795,4
6122,4
6127,4
6130,4
6133,4
6148,4
6161,4
6168,4
7267,4
7272,4
8183,4
8208,4
8719,4
8724,4
8728,4
8744,4
8746,4
8754,4
8762,4
8860,4
8869,4
8873,4
8910,4
8913,4
8919,4
8924,4
9456,4
9475,4
9638,4
9679,4
9940,4
9998,4
10005,4
10007,4
10011,4
10037,4
10051,4
10058,4
10245,4
10276,4
10282,4
10305,4
10841,4
11374,4
11429,4
11717,4
11759,4
12098,4
12136,4
12834,4
12840,4
12854,4
12858,4
12870,4
12872,4
12877,4
12884,4
12889,4
12898,4
12943,4
13573,4
13583,4
13590,4
13601,4
13608,4
13637,4
13658,4
13670,4
13752,4
13911,4
13948,4
13951,4
13968,4
13970,4
13972,4
13992,4
13997,4
14358,4
14378,4
14392,4
14486,4
14488,4
14508,4
15145,4
15218,4
15244,4
15254,4
15256,4
15260,4
15733,4
16003,4
16013,4
16026,4
16050,4
16054,4
16058,4
16107,4
16113,4
16130,4
16133,4
16153,4
16254,4
16676,4
17191,4
17377,4
17533,4
17589,4
17591,4
17599,4
17617,4
17642,4
17658,4
17666,4
17694,4
18115,4
18443,4
18450,4
18461,4
18724,4
18735,4
18744,4
18770,4
18797,4
18808,4
18809,4
18846,4
18894,4
18906,4
18928,4
19134,4
19140,4
19184,4
19346,4
19347,4
19606,4
19612,4
19618,4
19628,4
19639,4
19732,4
19764,4
19806,4
19820,4
19824,4
19839,4
19873,4
19882,4
20619,4
21065,4
21122,4
21128,4
21131,4
21133,4
21167,4
21189,4
21251,4
21255,4
21275,4
21284,4
21332,4
21346,4
21596,4
21601,4
21618,4
21625,4
21849,4
21854,4
21993,4
22033,4
22043,4
22062,4
22288,4
22681,4
22764,4
22765,4
22801,4
22806,4
22824,4
23106,4
23115,4
23318,4
23592,4
24306,4
24401,4
24426,4
24720,4
24740,4
24763,4
25029,4
25096,4
25450,4
25456,4
25466,4
25467,4
25491,4
25496,4
25647,4
26141,4
26350,4
26360,4
26379,4
26623,4
26634,4
26647,4
26658,4
26670,4
27318,4
27378,4
27390,4
28186,4
28201,4
28219,4
28223,4
28313,4
28348,4
28483,4
28496,4
28500,4
28509,4
30410,4
30696,4
30855,4
30985,4
31009,4
31020,4
31025,4
31026,4
31040,4
31064,4
31068,4
31078,4
31080,4
31085,4
31090,4
31096,4
31097,4
31430,4
31451,4
31659,4
31718,4
31811,4
31829,4
31837,4
31839,4
31843,4
32328,4
32333,4
32343,4
32349,4
32354,4
32360,4
32365,4
32372,4
32545,4
32551,4
32574,4
32582,4
32612,4
32885,4
33025,4
33031,4
33056,4
33110,4
26660,3
27351,3
27697,3
28236,3
28239,3
28253,3
28264,3
28267,3
28303,3
28315,3
28330,3
28360,3
28467,3
28481,3
28502,3
28512,3
29277,3
29457,3
30434,3
30993,3
31033,3
31335,3
31437,3
31551,3
31561,3
31614,3
31621,3
31696,3
31748,3
31807,3
31808,3
31815,3
31816,3
31827,3
31841,3
31901,3
31903,3
32368,3
32377,3
32536,3
32555,3
33002,3
33042,3
33045,3
33047,3
33050,3
33055,3
55,3
682,3
733,3
2558,3
2560,3
2569,3
2612,3
2614,3
2616,3
2622,3
2630,3
2650,3
2656,3
2734,3
2739,3
3194,3
4241,3
5745,3
5777,3
5794,3
5819,3
5824,3
5825,3
6144,3
7232,3
7236,3
7263,3
7786,3
8180,3
8237,3
8264,3
8301,3
8321,3
8341,3
8715,3
8745,3
8759,3
8841,3
8851,3
8888,3
8905,3
8946,3
8950,3
9640,3
9651,3
9654,3
9656,3
9726,3
9755,3
9772,3
9814,3
10009,3
10805,3
10806,3
10807,3
10822,3
10823,3
10828,3
10830,3
10835,3
10837,3
10861,3
11521,3
11723,3
11743,3
11746,3
11798,3
11982,3
12015,3
12876,3
12901,3
12940,3
13019,3
13046,3
13091,3
13112,3
13576,3
13581,3
13585,3
13602,3
13632,3
13646,3
13772,3
13932,3
13966,3
13995,3
14370,3
14399,3
14406,3
15259,3
15264,3
15265,3
16010,3
16014,3
16034,3
16049,3
16060,3
16061,3
16066,3
16095,3
16098,3
16118,3
16119,3
16157,3
16415,3
16423,3
16432,3
17128,3
17608,3
17614,3
17615,3
17646,3
17653,3
17674,3
17677,3
17693,3
17720,3
17732,3
18292,3
18304,3
18395,3
18462,3
18663,3
18680,3
18690,3
18815,3
18836,3
18869,3
18931,3
18937,3
19156,3
19217,3
19290,3
19297,3
19300,3
19307,3
19319,3
19333,3
19591,3
19604,3
19616,3
19625,3
19626,3
19645,3
19752,3
19772,3
19776,3
19804,3
19846,3
19864,3
19870,3
19871,3
19872,3
19884,3
21073,3
21096,3
21103,3
21112,3
21179,3
21186,3
21200,3
21231,3
21259,3
21266,3
21307,3
21383,3
21607,3
21627,3
21642,3
21848,3
21850,3
22039,3
22080,3
22757,3
22758,3
22760,3
22761,3
22770,3
22773,3
22781,3
22784,3
22785,3
22789,3
22802,3
22803,3
22804,3
22812,3
22856,3
23085,3
23612,3
23613,3
24257,3
24291,3
24458,3
24731,3
24747,3
24757,3
24772,3
24774,3
24784,3
24786,3
25036,3
25046,3
25464,3
25667,3
25808,3
26017,3
26025,3
26343,3
26370,3
26394,3
26396,3
62,2
88,2
680,2
2573,2
2598,2
2606,2
2613,2
2629,2
2633,2
2990,2
4016,2
5784,2
5788,2
5834,2
5851,2
6496,2
7255,2
8213,2
8242,2
8247,2
8288,2
8330,2
8337,2
8491,2
8836,2
8881,2
8904,2
8941,2
9658,2
9659,2
9661,2
9671,2
9690,2
9706,2
9708,2
9744,2
9761,2
9795,2
10765,2
10802,2
10811,2
10851,2
11737,2
11763,2
11787,2
11799,2
12221,2
12270,2
12271,2
12863,2
12941,2
13015,2
13016,2
13031,2
13041,2
13059,2
13079,2
13080,2
13081,2
13083,2
13096,2
13103,2
13104,2
13117,2
13122,2
13569,2
13596,2
13614,2
13616,2
13664,2
13669,2
13774,2
14334,2
14525,2
14656,2
14717,2
16029,2
16039,2
16088,2
16101,2
16272,2
16419,2
17112,2
17534,2
17567,2
17579,2
17585,2
17607,2
17621,2
17640,2
17671,2
17681,2
18284,2
18337,2
18343,2
18347,2
18437,2
18451,2
18478,2
18661,2
18669,2
18675,2
18708,2
18748,2
18841,2
18874,2
18911,2
18936,2
19092,2
19139,2
19144,2
19173,2
19192,2
19301,2
19302,2
19343,2
19598,2
19619,2
19632,2
19744,2
19787,2
19796,2
19802,2
19814,2
19841,2
19848,2
19849,2
19850,2
19853,2
19856,2
19859,2
19862,2
19869,2
19880,2
19888,2
19891,2
19893,2
19894,2
19898,2
20371,2
20394,2
21129,2
21154,2
21173,2
21217,2
21221,2
21234,2
21252,2
21289,2
21600,2
21605,2
21616,2
21628,2
21852,2
22041,2
22063,2
22392,2
22756,2
22767,2
22769,2
22772,2
22778,2
22779,2
22786,2
22788,2
22791,2
22793,2
22796,2
22814,2
22815,2
22818,2
23070,2
23104,2
23118,2
23209,2
23534,2
23599,2
23602,2
23622,2
23625,2
23639,2
23769,2
23771,2
23816,2
24506,2
24764,2
24767,2
24769,2
24782,2
25987,2
26023,2
26448,2
26676,2
27726,2
27733,2
28205,2
28207,2
28218,2
28225,2
28228,2
28241,2
28261,2
28314,2
28327,2
28339,2
28343,2
28344,2
28478,2
28497,2
28572,2
29506,2
29770,2
30217,2
30262,2
31046,2
31076,2
31347,2
31364,2
31383,2
31398,2
31401,2
31403,2
31424,2
31428,2
31570,2
31644,2
31801,2
31806,2
31809,2
31818,2
31842,2
32564,2
32636,2
33053,2
27265,1
28300,1
28472,1
28511,1
28560,1
29258,1
29750,1
31086,1
31375,1
31544,1
31848,1
32451,1
32610,1
22,1
1304,1
1611,1
2562,1
2578,1
2596,1
2623,1
2631,1
2648,1
2670,1
2956,1
5740,1
5748,1
5759,1
5761,1
5802,1
5806,1
5839,1
5849,1
8176,1
8182,1
8186,1
8234,1
8244,1
8276,1
8338,1
8849,1
8875,1
8878,1
8911,1
8940,1
9684,1
9741,1
9768,1
10653,1
10796,1
11685,1
11694,1
11721,1
11775,1
11990,1
12007,1
12230,1
12250,1
12310,1
13020,1
13027,1
13028,1
13030,1
13033,1
13063,1
13064,1
14340,1
14345,1
14374,1
14422,1
14429,1
14532,1
16073,1
16719,1
17234,1
17391,1
17525,1
18682,1
18696,1
18705,1
18712,1
18728,1
18820,1
18898,1
18900,1
19131,1
19218,1
19223,1
19344,1
19355,1
19593,1
19854,1
19858,1
19875,1
19890,1
19896,1
19901,1
19909,1
20029,1
20423,1
21113,1
21204,1
21271,1
21293,1
21297,1
22667,1
22853,1
23096,1
23120,1
23624,1
23806,1
23809,1
24686,1
24753,1
24761,1
24768,1
24800,1
24965,1
24971,1
26405,1
